concept,count-type,ca_borderland,davidson_seamount,eel_river,great_mb,gpg_seamounts,goc,hi,jdf,mars,mb,pac_nw,rqz_seamount,station_m,taney_seamount,vance_seamount
Actinauge verrillii,images,0,0,0,0,0,0,0,0,0,0,0,0,1,0,0
Actinauge verrillii,bboxes,0,0,0,0,0,0,0,0,0,0,0,0,1,0,0
Actinernus,images,220,1,0,80,0,7,1,0,0,70,14,2,0,0,0
Actinernus,bboxes,802,1,0,197,0,13,1,0,0,178,17,2,0,0,0
Actiniaria,images,177,16,16,728,16,41,7,1,53,522,58,2,6,0,0
Actiniaria,bboxes,546,33,62,1418,37,86,13,1,116,1031,156,3,6,0,0
Actiniidae,images,0,0,0,0,0,0,0,0,0,0,0,0,0,0,0
Actiniidae,bboxes,0,0,0,0,0,0,0,0,0,0,0,0,0,0,0
Actiniidae sp. 1,images,26,0,0,148,0,0,0,0,22,119,1,0,0,0,0
Actiniidae sp. 1,bboxes,38,0,0,176,0,0,0,0,22,140,2,0,0,0,0
Actinoscyphia,images,0,0,0,0,0,0,1,0,0,0,2,0,0,0,0
Actinoscyphia,bboxes,0,0,0,0,0,0,1,0,0,0,2,0,0,0,0
Actinostolidae,images,2,0,0,10,0,0,1,0,1,7,1,0,0,0,0
Actinostolidae,bboxes,4,0,0,14,0,0,1,0,2,10,1,0,0,0,0
Actinostoloidea,images,0,0,0,59,0,0,0,0,8,57,1,0,0,0,0
Actinostoloidea,bboxes,0,0,0,80,0,0,0,0,12,78,1,0,0,0,0
Bathyphellia,images,0,0,0,1,0,0,0,0,0,0,0,0,0,0,0
Bathyphellia,bboxes,0,0,0,1,0,0,0,0,0,0,0,0,0,0,0
Bathyphellia australis,images,0,1,0,2,0,0,0,0,0,0,0,0,63,0,0
Bathyphellia australis,bboxes,0,1,0,2,0,0,0,0,0,0,0,0,66,0,0
Bolocera,images,0,2,0,62,0,7,0,0,0,0,5,0,0,0,0
Bolocera,bboxes,0,4,0,68,0,7,0,0,0,0,5,0,0,0,0
Bolocera kensmithi,images,0,6,0,16,0,0,0,0,0,0,19,0,25,0,0
Bolocera kensmithi,bboxes,0,8,0,18,0,0,0,0,0,0,19,0,28,0,0
Dofleinia,images,0,0,0,11,0,7,0,0,0,4,3,0,0,0,0
Dofleinia,bboxes,0,0,0,12,0,8,0,0,0,4,3,0,0,0,0
Exocoelactis,images,0,0,0,3,0,0,0,0,0,2,0,0,0,0,0
Exocoelactis,bboxes,0,0,0,3,0,0,0,0,0,2,0,0,0,0,0
Hormathiidae,images,25,2,8,102,4,2,0,0,3,58,12,1,1,0,0
Hormathiidae,bboxes,74,2,11,139,4,7,0,0,3,77,18,1,1,0,0
Hormathiidae sp. 1,images,1,0,1,54,0,0,0,0,21,52,1,0,2,0,0
Hormathiidae sp. 1,bboxes,7,0,1,85,0,0,0,0,33,83,1,0,2,0,0
Iosactis,images,0,0,0,0,0,9,0,0,0,0,0,0,0,0,0
Iosactis,bboxes,0,0,0,0,0,9,0,0,0,0,0,0,0,0,0
Iosactis vagabunda,images,2,0,0,12,0,14,0,0,0,0,3,0,20,0,0
Iosactis vagabunda,bboxes,2,0,0,12,0,14,0,0,0,0,3,0,20,0,0
Isosicyonis,images,12,0,0,288,1,0,0,0,65,280,0,0,0,0,0
Isosicyonis,bboxes,13,0,0,672,2,0,0,0,166,660,0,0,0,0,0
Liponema,images,4,0,0,20,0,0,0,0,0,20,0,0,0,0,0
Liponema,bboxes,5,0,0,29,0,0,0,0,0,29,0,0,0,0,0
Liponema brevicorne,images,176,16,4,476,2,18,3,0,2,331,18,5,9,0,0
Liponema brevicorne,bboxes,243,16,4,612,2,19,3,0,2,440,18,5,9,0,0
Metridium farcimen,images,79,0,0,378,0,0,0,0,0,359,0,0,0,0,0
Metridium farcimen,bboxes,266,0,0,909,0,0,0,0,0,885,0,0,0,0,0
Ostiactis pearseae,images,2,0,0,0,0,0,0,0,0,0,0,0,0,0,0
Ostiactis pearseae,bboxes,35,0,0,0,0,0,0,0,0,0,0,0,0,0,0
Sicyonis,images,1,0,0,14,0,1,0,0,0,8,9,0,0,0,0
Sicyonis,bboxes,1,0,0,15,0,1,0,0,0,9,9,0,0,0,0
Sicyonis careyi,images,0,0,0,1,0,0,0,0,0,0,0,0,0,0,0
Sicyonis careyi,bboxes,0,0,0,1,0,0,0,0,0,0,0,0,0,0,0
Stomphia,images,0,0,4,25,1,0,1,0,3,23,5,0,0,0,0
Stomphia,bboxes,0,0,5,29,2,0,1,0,3,27,6,0,0,0,0
Stomphia didemon,images,0,1,0,28,0,1,0,0,0,26,0,0,0,0,0
Stomphia didemon,bboxes,0,1,0,34,0,1,0,0,0,29,0,0,0,0,0
Urticina,images,0,0,0,9,0,0,0,0,0,9,0,0,0,0,0
Urticina,bboxes,0,0,0,11,0,0,0,0,0,11,0,0,0,0,0
Acanthurus xanthopterus,images,0,0,0,0,0,0,0,0,0,0,0,0,0,0,0
Acanthurus xanthopterus,bboxes,0,0,0,0,0,0,0,0,0,0,0,0,0,0,0
Actinopterygii,images,4,0,0,53,0,5,2,0,1,46,0,0,2,0,0
Actinopterygii,bboxes,4,0,0,72,0,7,2,0,1,65,0,0,2,0,0
Agonidae,images,0,0,0,5,0,0,0,0,0,5,0,0,0,0,0
Agonidae,bboxes,0,0,0,5,0,0,0,0,0,5,0,0,0,0,0
Albatrossia,images,0,0,0,1,0,0,0,0,0,0,0,0,0,0,0
Albatrossia,bboxes,0,0,0,1,0,0,0,0,0,0,0,0,0,0,0
Albatrossia pectoralis,images,0,0,0,2,0,1,0,0,0,1,2,0,0,0,0
Albatrossia pectoralis,bboxes,0,0,0,2,0,1,0,0,0,1,2,0,0,0,0
Alepisaurus ferox,images,0,0,0,16,0,0,0,0,0,0,0,0,0,0,0
Alepisaurus ferox,bboxes,0,0,0,16,0,0,0,0,0,0,0,0,0,0,0
Alepocephalus tenebrosus,images,0,0,0,3,0,0,0,0,0,3,0,0,0,0,0
Alepocephalus tenebrosus,bboxes,0,0,0,3,0,0,0,0,0,3,0,0,0,0,0
Anarrhichthys ocellatus,images,2,0,0,9,0,0,0,0,0,9,0,0,0,0,0
Anarrhichthys ocellatus,bboxes,2,0,0,9,0,0,0,0,0,9,0,0,0,0,0
Anoplogaster cornuta,images,0,0,0,127,0,0,0,0,0,70,0,0,0,0,0
Anoplogaster cornuta,bboxes,0,0,0,127,0,0,0,0,0,70,0,0,0,0,0
Anoplopoma fimbria,images,8,0,0,110,0,0,0,0,4,95,6,0,0,0,0
Anoplopoma fimbria,bboxes,10,0,0,163,0,0,0,0,4,145,7,0,0,0,0
Anotopterus nikparini,images,0,0,0,45,0,0,0,0,0,18,0,0,0,0,0
Anotopterus nikparini,bboxes,0,0,0,46,0,0,0,0,0,18,0,0,0,0,0
Antimora microlepis,images,27,30,9,232,4,23,0,63,6,169,108,0,0,0,2
Antimora microlepis,bboxes,27,31,9,234,4,23,0,63,6,170,108,0,0,0,2
Aphyonidae,images,0,0,0,0,0,0,1,0,0,0,0,0,0,0,0
Aphyonidae,bboxes,0,0,0,0,0,0,1,0,0,0,0,0,0,0,0
Apogon pacificus,images,0,0,0,0,0,0,0,0,0,0,0,0,0,0,0
Apogon pacificus,bboxes,0,0,0,0,0,0,0,0,0,0,0,0,0,0,0
Bathylagidae,images,0,0,0,5,0,0,0,0,0,3,0,0,0,0,0
Bathylagidae,bboxes,0,0,0,9,0,0,0,0,0,7,0,0,0,0,0
Bathylagus,images,0,0,0,2,0,0,0,0,0,1,0,0,0,0,0
Bathylagus,bboxes,0,0,0,2,0,0,0,0,0,1,0,0,0,0,0
Bathypterois,images,0,0,0,0,0,1,0,0,0,0,0,0,0,0,0
Bathypterois,bboxes,0,0,0,0,0,1,0,0,0,0,0,0,0,0,0
Bathypterois grallator,images,0,0,0,0,0,0,5,0,0,0,0,0,0,0,0
Bathypterois grallator,bboxes,0,0,0,0,0,0,5,0,0,0,0,0,0,0,0
Bathypterois pectinatus,images,0,0,0,0,0,131,0,0,0,0,0,0,0,0,0
Bathypterois pectinatus,bboxes,0,0,0,0,0,139,0,0,0,0,0,0,0,0,0
Bathysaurus mollis,images,0,5,0,62,0,0,0,0,0,7,7,0,9,0,0
Bathysaurus mollis,bboxes,0,5,0,62,0,0,0,0,0,7,7,0,9,0,0
Benthalbella,images,0,0,0,6,0,0,0,0,0,6,0,0,0,0,0
Benthalbella,bboxes,0,0,0,6,0,0,0,0,0,6,0,0,0,0,0
Bodianus diplotaenia,images,0,0,0,0,0,0,0,0,0,0,0,0,0,0,0
Bodianus diplotaenia,bboxes,0,0,0,0,0,0,0,0,0,0,0,0,0,0,0
Bregmaceros bathymaster,images,0,0,0,0,0,6,0,0,0,0,0,0,0,0,0
Bregmaceros bathymaster,bboxes,0,0,0,0,0,6,0,0,0,0,0,0,0,0,0
Careproctus,images,0,0,0,16,0,0,0,0,2,9,1,0,0,0,0
Careproctus,bboxes,0,0,0,16,0,0,0,0,2,9,1,0,0,0,0
Careproctus kamikawai,images,0,1,0,3,0,0,0,0,0,1,0,0,0,0,0
Careproctus kamikawai,bboxes,0,1,0,3,0,0,0,0,0,1,0,0,0,0,0
Careproctus melanurus,images,1,0,0,31,0,0,0,0,7,28,0,0,0,0,0
Careproctus melanurus,bboxes,1,0,0,31,0,0,0,0,7,28,0,0,0,0,0
Careproctus ovigerus,images,0,0,0,0,0,1,0,0,0,0,0,0,0,0,0
Careproctus ovigerus,bboxes,0,0,0,0,0,1,0,0,0,0,0,0,0,0,0
Cataetyx,images,0,0,0,2,0,22,0,0,0,1,1,0,0,0,0
Cataetyx,bboxes,0,0,0,2,0,22,0,0,0,1,1,0,0,0,0
Cetostoma regani,images,0,7,0,21,0,0,0,0,0,0,0,0,0,0,0
Cetostoma regani,bboxes,0,7,0,21,0,0,0,0,0,0,0,0,0,0,0
Chaenophryne,images,0,0,0,33,0,0,0,0,0,33,1,0,0,0,0
Chaenophryne,bboxes,0,0,0,33,0,0,0,0,0,33,1,0,0,0,0
Chaetodon humeralis,images,0,0,0,0,0,0,0,0,0,0,0,0,0,0,0
Chaetodon humeralis,bboxes,0,0,0,0,0,0,0,0,0,0,0,0,0,0,0
Chaunacops coloratus,images,0,5,0,5,0,0,0,0,0,0,0,0,0,0,0
Chaunacops coloratus,bboxes,0,5,0,5,0,0,0,0,0,0,0,0,0,0,0
Cherublemma emmelas,images,0,0,0,0,0,16,0,0,0,0,0,0,0,0,0
Cherublemma emmelas,bboxes,0,0,0,0,0,48,0,0,0,0,0,0,0,0,0
Chilara taylori,images,0,0,0,2,0,0,0,0,0,2,0,0,0,0,0
Chilara taylori,bboxes,0,0,0,2,0,0,0,0,0,2,0,0,0,0,0
Chromis limbaughi,images,0,0,0,0,0,0,0,0,0,0,0,0,0,0,0
Chromis limbaughi,bboxes,0,0,0,0,0,0,0,0,0,0,0,0,0,0,0
Coelorinchus doryssus,images,0,0,0,0,0,0,7,0,0,0,0,0,0,0,0
Coelorinchus doryssus,bboxes,0,0,0,0,0,0,7,0,0,0,0,0,0,0,0
Coelorinchus scaphopsis,images,0,0,0,0,0,106,0,0,0,0,0,0,0,0,0
Coelorinchus scaphopsis,bboxes,0,0,0,0,0,113,0,0,0,0,0,0,0,0,0
Coelorinchus spilonotus,images,0,0,0,0,0,0,3,0,0,0,0,0,0,0,0
Coelorinchus spilonotus,bboxes,0,0,0,0,0,0,3,0,0,0,0,0,0,0,0
Coryphaenoides,images,10,13,1,235,9,22,0,38,1,100,85,0,11,0,1
Coryphaenoides,bboxes,10,13,1,263,10,23,0,41,1,102,88,0,11,0,2
Coryphaenoides acrolepis,images,1,3,4,173,2,0,0,19,5,104,28,0,0,0,0
Coryphaenoides acrolepis,bboxes,1,3,4,216,2,0,0,19,6,116,28,0,0,0,0
Coryphaenoides acrolepis-filifer complex,images,0,0,0,14,0,0,0,0,2,7,0,0,0,0,0
Coryphaenoides acrolepis-filifer complex,bboxes,0,0,0,16,0,0,0,0,2,7,0,0,0,0,0
Coryphaenoides armatus-leptolepis-yaquinae complex,images,0,0,0,54,0,0,0,0,0,14,1,0,1,0,0
Coryphaenoides armatus-leptolepis-yaquinae complex,bboxes,0,0,0,59,0,0,0,0,0,14,1,0,1,0,0
Coryphaenoides armatus-yaquinae complex,images,0,1,0,16,0,2,0,0,0,1,0,0,8,0,0
Coryphaenoides armatus-yaquinae complex,bboxes,0,1,0,16,0,2,0,0,0,1,0,0,9,0,0
Coryphaenoides capito,images,0,0,0,0,0,5,0,0,0,0,0,0,0,0,0
Coryphaenoides capito,bboxes,0,0,0,0,0,6,0,0,0,0,0,0,0,0,0
Coryphaenoides filifer,images,0,0,0,7,0,0,0,0,0,1,0,0,0,0,0
Coryphaenoides filifer,bboxes,0,0,0,7,0,0,0,0,0,1,0,0,0,0,0
Coryphaenoides leptolepis,images,0,0,0,5,0,1,0,0,0,0,2,0,3,0,0
Coryphaenoides leptolepis,bboxes,0,0,0,5,0,1,0,0,0,0,2,0,3,0,0
Cyclothone,images,0,0,0,0,0,1,0,0,0,0,0,0,0,0,0
Cyclothone,bboxes,0,0,0,0,0,1,0,0,0,0,0,0,0,0,0
Cyclothone pallida,images,0,0,0,1,0,0,0,0,0,0,0,0,0,0,0
Cyclothone pallida,bboxes,0,0,0,1,0,0,0,0,0,0,0,0,0,0,0
Cyema atrum,images,0,0,0,0,0,0,0,0,0,0,0,0,0,0,0
Cyema atrum,bboxes,0,0,0,0,0,0,0,0,0,0,0,0,0,0,0
Desmodema lorum,images,0,0,0,44,0,0,0,0,0,0,0,0,0,0,0
Desmodema lorum,bboxes,0,0,0,44,0,0,0,0,0,0,0,0,0,0,0
Dibranchus,images,0,0,0,0,0,2,0,0,0,0,0,0,0,0,0
Dibranchus,bboxes,0,0,0,0,0,2,0,0,0,0,0,0,0,0,0
Dibranchus hystrix,images,0,0,0,0,0,171,0,0,0,0,0,0,0,0,0
Dibranchus hystrix,bboxes,0,0,0,0,0,191,0,0,0,0,0,0,0,0,0
Dibranchus sp. A,images,0,0,0,0,0,40,0,0,0,0,0,0,0,0,0
Dibranchus sp. A,bboxes,0,0,0,0,0,42,0,0,0,0,0,0,0,0,0
Dibranchus spinosus,images,0,0,0,0,0,29,0,0,0,0,0,0,0,0,0
Dibranchus spinosus,bboxes,0,0,0,0,0,29,0,0,0,0,0,0,0,0,0
Epinephelus labriformis,images,0,0,0,0,0,0,0,0,0,0,0,0,0,0,0
Epinephelus labriformis,bboxes,0,0,0,0,0,0,0,0,0,0,0,0,0,0,0
Eretmichthys pinnatus,images,0,0,0,0,0,2,0,0,0,0,0,0,0,0,0
Eretmichthys pinnatus,bboxes,0,0,0,0,0,2,0,0,0,0,0,0,0,0,0
Gadella jordani,images,0,0,0,0,0,18,0,0,0,0,0,0,0,0,0
Gadella jordani,bboxes,0,0,0,0,0,18,0,0,0,0,0,0,0,0,0
Gadomus melanopterus,images,0,0,0,0,0,0,1,0,0,0,0,0,0,0,0
Gadomus melanopterus,bboxes,0,0,0,0,0,0,1,0,0,0,0,0,0,0,0
Gigantactis gargantua,images,0,0,0,30,0,0,0,0,0,0,0,0,0,0,0
Gigantactis gargantua,bboxes,0,0,0,30,0,0,0,0,0,0,0,0,0,0,0
Gobiidae,images,0,0,0,1,0,0,0,0,0,1,0,0,0,0,0
Gobiidae,bboxes,0,0,0,1,0,0,0,0,0,1,0,0,0,0,0
Holacanthus passer,images,0,0,0,0,0,0,0,0,0,0,0,0,0,0,0
Holacanthus passer,bboxes,0,0,0,0,0,0,0,0,0,0,0,0,0,0,0
Hollardia,images,0,0,0,0,0,0,8,0,0,0,0,0,0,0,0
Hollardia,bboxes,0,0,0,0,0,0,8,0,0,0,0,0,0,0,0
Icelinus,images,0,0,0,2,0,0,0,0,0,2,0,0,0,0,0
Icelinus,bboxes,0,0,0,3,0,0,0,0,0,3,0,0,0,0,0
Icelinus filamentosus,images,0,0,0,8,0,0,0,0,0,8,0,0,0,0,0
Icelinus filamentosus,bboxes,0,0,0,11,0,0,0,0,0,11,0,0,0,0,0
Icichthys lockingtoni,images,0,0,0,122,0,0,0,0,0,95,0,0,0,0,0
Icichthys lockingtoni,bboxes,0,0,0,123,0,0,0,0,0,96,0,0,0,0,0
Icosteus aenigmaticus,images,0,0,0,14,0,0,0,0,0,12,0,0,0,0,0
Icosteus aenigmaticus,bboxes,0,0,0,14,0,0,0,0,0,12,0,0,0,0,0
Johnrandallia nigrirostris,images,0,0,0,0,0,0,0,0,0,0,0,0,0,0,0
Johnrandallia nigrirostris,bboxes,0,0,0,0,0,0,0,0,0,0,0,0,0,0,0
Kali kerberti,images,0,0,0,49,0,0,0,0,0,26,0,0,0,0,0
Kali kerberti,bboxes,0,0,0,49,0,0,0,0,0,26,0,0,0,0,0
Lepidion,images,0,5,0,12,7,0,0,0,0,0,0,0,0,0,0
Lepidion,bboxes,0,5,0,12,7,0,0,0,0,0,0,0,0,0,0
Liopropoma fasciatum,images,0,0,0,0,0,0,0,0,0,0,0,0,0,0,0
Liopropoma fasciatum,bboxes,0,0,0,0,0,0,0,0,0,0,0,0,0,0,0
Liopropoma longilepis,images,0,0,0,0,0,10,0,0,0,0,0,0,0,0,0
Liopropoma longilepis,bboxes,0,0,0,0,0,11,0,0,0,0,0,0,0,0,0
Liparidae,images,0,0,0,7,0,3,0,0,0,3,0,0,0,0,0
Liparidae,bboxes,0,0,0,7,0,3,0,0,0,3,0,0,0,0,0
Lophiiformes,images,0,0,0,0,0,1,0,0,0,0,0,0,0,0,0
Lophiiformes,bboxes,0,0,0,0,0,1,0,0,0,0,0,0,0,0,0
Lophiodes caulinaris,images,0,0,0,0,0,30,0,0,0,0,0,0,0,0,0
Lophiodes caulinaris,bboxes,0,0,0,0,0,31,0,0,0,0,0,0,0,0,0
Lophiodes miacanthus,images,0,0,0,0,0,21,8,0,0,0,0,0,0,0,0
Lophiodes miacanthus,bboxes,0,0,0,0,0,21,8,0,0,0,0,0,0,0,0
Luciobrotula,images,0,0,0,2,1,0,0,0,0,0,1,0,0,0,0
Luciobrotula,bboxes,0,0,0,2,1,0,0,0,0,0,2,0,0,0,0
Luciobrotula sp. A,images,0,1,0,2,0,0,0,0,0,1,0,0,0,0,0
Luciobrotula sp. A,bboxes,0,1,0,2,0,0,0,0,0,1,0,0,0,0,0
Lumpenus sagitta,images,0,0,0,5,0,0,0,0,0,4,0,0,0,0,0
Lumpenus sagitta,bboxes,0,0,0,5,0,0,0,0,0,4,0,0,0,0,0
Lutjanus argentiventris,images,0,0,0,0,0,0,0,0,0,0,0,0,0,0,0
Lutjanus argentiventris,bboxes,0,0,0,0,0,0,0,0,0,0,0,0,0,0,0
Lutjanus guttatus,images,0,0,0,0,0,0,0,0,0,0,0,0,0,0,0
Lutjanus guttatus,bboxes,0,0,0,0,0,0,0,0,0,0,0,0,0,0,0
Macropinna microstoma,images,0,17,0,122,0,0,0,0,0,42,0,0,0,0,0
Macropinna microstoma,bboxes,0,17,0,122,0,0,0,0,0,42,0,0,0,0,0
Macrouridae,images,6,2,20,114,5,187,9,14,1,68,68,0,3,0,0
Macrouridae,bboxes,6,2,20,123,6,222,9,14,1,68,69,0,3,0,0
Macrourinae,images,1,0,0,2,1,0,0,0,0,0,0,0,0,0,0
Macrourinae,bboxes,1,0,0,2,1,0,0,0,0,0,0,0,0,0,0
Macrourinae sp. 2,images,0,0,0,1,0,0,0,0,0,0,0,0,0,0,0
Macrourinae sp. 2,bboxes,0,0,0,1,0,0,0,0,0,0,0,0,0,0,0
Melanocetus,images,0,0,0,66,0,0,0,0,0,66,0,0,0,0,0
Melanocetus,bboxes,0,0,0,66,0,0,0,0,0,66,0,0,0,0,0
Merluccius productus,images,31,3,1,756,0,5,0,0,14,689,1,0,0,0,0
Merluccius productus,bboxes,37,3,1,3373,0,5,0,0,25,3253,1,0,0,0,0
Mola mola,images,1,0,0,94,0,0,0,0,0,80,0,0,0,0,0
Mola mola,bboxes,1,0,0,210,0,0,0,0,0,196,0,0,0,0,0
Moridae,images,0,0,0,1,0,2,0,0,0,1,0,0,0,0,0
Moridae,bboxes,0,0,0,1,0,2,0,0,0,1,0,0,0,0,0
Myctophidae,images,0,0,0,10,0,0,0,0,0,9,0,0,0,0,0
Myctophidae,bboxes,0,0,0,22,0,0,0,0,0,21,0,0,0,0,0
Nezumia liolepis,images,0,0,0,1,0,2,0,0,0,0,0,0,0,0,0
Nezumia liolepis,bboxes,0,0,0,1,0,2,0,0,0,0,0,0,0,0,0
Nezumia stelgidolepis,images,0,0,0,0,0,0,0,0,0,0,1,0,0,0,0
Nezumia stelgidolepis,bboxes,0,0,0,0,0,0,0,0,0,0,1,0,0,0,0
Oncorhynchus,images,0,0,0,3,0,0,0,0,0,3,0,0,0,0,0
Oncorhynchus,bboxes,0,0,0,3,0,0,0,0,0,3,0,0,0,0,0
Oneirodes acanthias,images,0,0,0,71,0,0,0,0,0,22,12,0,0,0,0
Oneirodes acanthias,bboxes,0,0,0,71,0,0,0,0,0,22,12,0,0,0,0
Ophidiidae,images,0,0,0,0,0,0,1,0,0,0,0,0,0,0,0
Ophidiidae,bboxes,0,0,0,0,0,0,1,0,0,0,0,0,0,0,0
Ophiodon elongatus,images,5,0,0,12,0,0,0,0,0,12,0,0,0,0,0
Ophiodon elongatus,bboxes,6,0,0,13,0,0,0,0,0,13,0,0,0,0,0
Paralabrax auroguttatus,images,0,0,0,0,0,9,0,0,0,0,0,0,0,0,0
Paralabrax auroguttatus,bboxes,0,0,0,0,0,9,0,0,0,0,0,0,0,0,0
Paralepididae,images,0,0,0,2,0,0,0,0,0,1,0,0,0,0,0
Paralepididae,bboxes,0,0,0,2,0,0,0,0,0,1,0,0,0,0,0
Paraliparis,images,0,0,0,0,0,0,0,0,0,0,0,0,0,0,0
Paraliparis,bboxes,0,0,0,0,0,0,0,0,0,0,0,0,0,0,0
Paraliparis cephalus,images,3,0,0,18,0,0,0,0,0,10,0,0,0,0,0
Paraliparis cephalus,bboxes,3,0,0,18,0,0,0,0,0,10,0,0,0,0,0
Paraliparis sp. 1,images,0,0,0,0,0,0,0,0,0,0,0,0,1,0,0
Paraliparis sp. 1,bboxes,0,0,0,0,0,0,0,0,0,0,0,0,1,0,0
Paranthias colonus,images,0,0,0,0,0,0,0,0,0,0,0,0,0,0,0
Paranthias colonus,bboxes,0,0,0,0,0,0,0,0,0,0,0,0,0,0,0
Parvilux,images,0,0,0,0,0,0,0,0,0,0,0,0,0,0,0
Parvilux,bboxes,0,0,0,0,0,0,0,0,0,0,0,0,0,0,0
Physiculus,images,0,0,0,0,0,1,0,0,0,0,0,0,0,0,0
Physiculus,bboxes,0,0,0,0,0,1,0,0,0,0,0,0,0,0,0
Physiculus nematopus,images,1,0,0,0,0,12,0,0,0,0,0,0,0,0,0
Physiculus nematopus,bboxes,1,0,0,0,0,13,0,0,0,0,0,0,0,0,0
Physiculus nematopus-rastrelliger complex,images,0,0,0,0,0,52,0,0,0,0,0,0,0,0,0
Physiculus nematopus-rastrelliger complex,bboxes,0,0,0,0,0,57,0,0,0,0,0,0,0,0,0
Physiculus rastrelliger,images,0,0,0,0,0,102,0,0,0,0,0,0,0,0,0
Physiculus rastrelliger,bboxes,0,0,0,0,0,110,0,0,0,0,0,0,0,0,0
Physiculus sp. 1,images,0,0,0,0,0,23,0,0,0,0,0,0,0,0,0
Physiculus sp. 1,bboxes,0,0,0,0,0,23,0,0,0,0,0,0,0,0,0
Physiculus sp. 2,images,0,0,0,0,0,0,0,0,0,0,0,0,0,0,0
Physiculus sp. 2,bboxes,0,0,0,0,0,0,0,0,0,0,0,0,0,0,0
Plectobranchus evides,images,0,0,0,2,0,0,0,0,0,2,0,0,0,0,0
Plectobranchus evides,bboxes,0,0,0,2,0,0,0,0,0,2,0,0,0,0,0
Pontinus,images,0,0,0,0,0,4,0,0,0,0,0,0,0,0,0
Pontinus,bboxes,0,0,0,0,0,4,0,0,0,0,0,0,0,0,0
Pontinus furcirhinus,images,0,0,0,0,0,6,0,0,0,0,0,0,0,0,0
Pontinus furcirhinus,bboxes,0,0,0,0,0,6,0,0,0,0,0,0,0,0,0
Pontinus sierra,images,0,0,0,0,0,2,0,0,0,0,0,0,0,0,0
Pontinus sierra,bboxes,0,0,0,0,0,2,0,0,0,0,0,0,0,0,0
Porichthys mimeticus,images,0,0,0,0,0,10,0,0,0,0,0,0,0,0,0
Porichthys mimeticus,bboxes,0,0,0,0,0,10,0,0,0,0,0,0,0,0,0
Pristigenys serrula,images,0,0,0,0,0,0,0,0,0,0,0,0,0,0,0
Pristigenys serrula,bboxes,0,0,0,0,0,0,0,0,0,0,0,0,0,0,0
Prognathodes falcifer,images,0,0,0,0,0,0,0,0,0,0,0,0,0,0,0
Prognathodes falcifer,bboxes,0,0,0,0,0,0,0,0,0,0,0,0,0,0,0
Pronotogrammus eos,images,0,0,0,0,0,10,0,0,0,0,0,0,0,0,0
Pronotogrammus eos,bboxes,0,0,0,0,0,10,0,0,0,0,0,0,0,0,0
Pseudobathylagus,images,0,0,0,0,0,0,0,0,0,0,0,0,0,0,0
Pseudobathylagus,bboxes,0,0,0,0,0,0,0,0,0,0,0,0,0,0,0
Pseudobathylagus milleri,images,1,6,0,284,0,0,0,0,0,215,30,0,0,0,0
Pseudobathylagus milleri,bboxes,1,6,0,285,0,0,0,0,0,216,30,0,0,0,0
Psychrolutes phrictus,images,0,19,3,134,0,0,0,22,0,89,37,0,0,0,0
Psychrolutes phrictus,bboxes,0,19,3,134,0,0,0,22,0,89,43,0,0,0,0
Psychrolutidae,images,0,0,0,0,0,1,0,0,0,0,0,0,0,0,0
Psychrolutidae,bboxes,0,0,0,0,0,1,0,0,0,0,0,0,0,0,0
Scopelarchus,images,0,0,0,0,0,45,0,0,0,0,0,0,0,0,0
Scopelarchus,bboxes,0,0,0,0,0,45,0,0,0,0,0,0,0,0,0
Scorpaeniformes,images,0,0,0,1,0,0,0,0,0,1,0,0,0,0,0
Scorpaeniformes,bboxes,0,0,0,1,0,0,0,0,0,1,0,0,0,0,0
Sebastes,images,22,0,0,466,0,54,0,0,0,405,1,0,0,0,0
Sebastes,bboxes,35,0,0,606,0,55,0,0,0,536,1,0,0,0,0
Sebastes aleutianus-melanostictus complex,images,0,0,0,10,0,0,0,0,0,10,3,0,0,0,0
Sebastes aleutianus-melanostictus complex,bboxes,0,0,0,10,0,0,0,0,0,10,3,0,0,0,0
Sebastes auriculatus,images,0,0,0,5,0,0,0,0,0,5,0,0,0,0,0
Sebastes auriculatus,bboxes,0,0,0,5,0,0,0,0,0,5,0,0,0,0,0
Sebastes aurora,images,2,0,0,48,0,0,0,0,0,45,1,0,0,0,0
Sebastes aurora,bboxes,2,0,0,52,0,0,0,0,0,49,1,0,0,0,0
Sebastes babcocki,images,2,0,0,33,0,0,0,0,0,31,0,0,0,0,0
Sebastes babcocki,bboxes,2,0,0,33,0,0,0,0,0,31,0,0,0,0,0
Sebastes borealis,images,0,0,0,0,0,0,0,0,0,0,0,0,0,0,0
Sebastes borealis,bboxes,0,0,0,0,0,0,0,0,0,0,0,0,0,0,0
Sebastes brevispinis,images,0,0,0,10,0,0,0,0,0,10,0,0,0,0,0
Sebastes brevispinis,bboxes,0,0,0,12,0,0,0,0,0,12,0,0,0,0,0
Sebastes caurinus,images,0,0,0,7,0,0,0,0,0,7,0,0,0,0,0
Sebastes caurinus,bboxes,0,0,0,8,0,0,0,0,0,8,0,0,0,0,0
Sebastes chlorostictus,images,0,0,0,10,0,0,0,0,0,9,0,0,0,0,0
Sebastes chlorostictus,bboxes,0,0,0,11,0,0,0,0,0,10,0,0,0,0,0
Sebastes cortezi,images,0,0,0,0,0,40,0,0,0,0,0,0,0,0,0
Sebastes cortezi,bboxes,0,0,0,0,0,40,0,0,0,0,0,0,0,0,0
Sebastes crameri,images,0,0,0,3,0,0,0,0,0,3,0,0,0,0,0
Sebastes crameri,bboxes,0,0,0,5,0,0,0,0,0,5,0,0,0,0,0
Sebastes crameri-melanostomus complex,images,0,0,0,8,0,0,0,0,0,8,0,0,0,0,0
Sebastes crameri-melanostomus complex,bboxes,0,0,0,8,0,0,0,0,0,8,0,0,0,0,0
Sebastes diploproa,images,15,0,0,168,0,0,0,0,0,166,0,0,0,0,0
Sebastes diploproa,bboxes,33,0,0,349,0,0,0,0,0,347,0,0,0,0,0
Sebastes elongatus,images,3,0,0,29,0,0,0,0,0,28,0,0,0,0,0
Sebastes elongatus,bboxes,3,0,0,32,0,0,0,0,0,31,0,0,0,0,0
Sebastes ensifer,images,0,0,0,4,0,1,0,0,0,4,0,0,0,0,0
Sebastes ensifer,bboxes,0,0,0,4,0,1,0,0,0,4,0,0,0,0,0
Sebastes entomelas,images,0,0,0,14,0,0,0,0,0,14,0,0,0,0,0
Sebastes entomelas,bboxes,0,0,0,15,0,0,0,0,0,15,0,0,0,0,0
Sebastes flavidus,images,1,0,0,5,0,0,0,0,0,5,0,0,0,0,0
Sebastes flavidus,bboxes,1,0,0,7,0,0,0,0,0,7,0,0,0,0,0
Sebastes goodei,images,0,0,0,6,0,0,0,0,0,6,0,0,0,0,0
Sebastes goodei,bboxes,0,0,0,7,0,0,0,0,0,7,0,0,0,0,0
Sebastes jordani,images,0,0,0,31,0,0,0,0,0,31,0,0,0,0,0
Sebastes jordani,bboxes,0,0,0,42,0,0,0,0,0,42,0,0,0,0,0
Sebastes levis,images,0,0,0,10,0,0,0,0,0,10,0,0,0,0,0
Sebastes levis,bboxes,0,0,0,10,0,0,0,0,0,10,0,0,0,0,0
Sebastes macdonaldi,images,0,0,0,0,0,13,0,0,0,0,0,0,0,0,0
Sebastes macdonaldi,bboxes,0,0,0,0,0,13,0,0,0,0,0,0,0,0,0
Sebastes maliger,images,0,0,0,1,0,0,0,0,0,1,0,0,0,0,0
Sebastes maliger,bboxes,0,0,0,1,0,0,0,0,0,1,0,0,0,0,0
Sebastes melanostomus,images,4,0,0,98,0,28,0,0,0,87,0,0,0,0,0
Sebastes melanostomus,bboxes,6,0,0,100,0,28,0,0,0,89,0,0,0,0,0
Sebastes miniatus,images,0,0,0,10,0,0,0,0,0,10,0,0,0,0,0
Sebastes miniatus,bboxes,0,0,0,19,0,0,0,0,0,19,0,0,0,0,0
Sebastes miniatus-pinniger complex,images,0,0,0,4,0,0,0,0,0,4,0,0,0,0,0
Sebastes miniatus-pinniger complex,bboxes,0,0,0,4,0,0,0,0,0,4,0,0,0,0,0
Sebastes mystinus,images,0,0,0,4,0,0,0,0,0,4,0,0,0,0,0
Sebastes mystinus,bboxes,0,0,0,4,0,0,0,0,0,4,0,0,0,0,0
Sebastes ovalis,images,0,0,0,5,0,0,0,0,0,5,0,0,0,0,0
Sebastes ovalis,bboxes,0,0,0,5,0,0,0,0,0,5,0,0,0,0,0
Sebastes paucispinis,images,0,0,0,8,0,0,0,0,0,8,0,0,0,0,0
Sebastes paucispinis,bboxes,0,0,0,9,0,0,0,0,0,9,0,0,0,0,0
Sebastes phillipsi,images,1,0,0,2,0,0,0,0,0,2,0,0,0,0,0
Sebastes phillipsi,bboxes,2,0,0,2,0,0,0,0,0,2,0,0,0,0,0
Sebastes pinniger,images,0,0,0,6,0,0,0,0,0,6,0,0,0,0,0
Sebastes pinniger,bboxes,0,0,0,6,0,0,0,0,0,6,0,0,0,0,0
Sebastes rosenblatti,images,0,0,0,1,0,0,0,0,0,1,0,0,0,0,0
Sebastes rosenblatti,bboxes,0,0,0,1,0,0,0,0,0,1,0,0,0,0,0
Sebastes ruberrimus,images,1,0,0,22,0,0,0,0,0,16,0,0,0,0,0
Sebastes ruberrimus,bboxes,1,0,0,36,0,0,0,0,0,30,0,0,0,0,0
Sebastes rubrivinctus,images,0,0,0,11,0,0,0,0,0,11,0,0,0,0,0
Sebastes rubrivinctus,bboxes,0,0,0,11,0,0,0,0,0,11,0,0,0,0,0
Sebastes rufus,images,0,0,0,15,0,0,0,0,0,15,0,0,0,0,0
Sebastes rufus,bboxes,0,0,0,16,0,0,0,0,0,16,0,0,0,0,0
Sebastes saxicola,images,1,0,0,32,0,0,0,0,0,32,0,0,0,0,0
Sebastes saxicola,bboxes,1,0,0,32,0,0,0,0,0,32,0,0,0,0,0
Sebastes semicinctus,images,0,0,0,10,0,0,0,0,0,8,0,0,0,0,0
Sebastes semicinctus,bboxes,0,0,0,10,0,0,0,0,0,8,0,0,0,0,0
Sebastes serranoides,images,3,0,0,1,0,0,0,0,0,1,0,0,0,0,0
Sebastes serranoides,bboxes,8,0,0,1,0,0,0,0,0,1,0,0,0,0,0
Sebastes simulator,images,0,0,0,2,0,0,0,0,0,2,0,0,0,0,0
Sebastes simulator,bboxes,0,0,0,2,0,0,0,0,0,2,0,0,0,0,0
Sebastes zacentrus,images,1,0,0,9,0,0,0,0,0,9,0,0,0,0,0
Sebastes zacentrus,bboxes,1,0,0,11,0,0,0,0,0,11,0,0,0,0,0
Sebastidae,images,2,0,0,6,0,0,0,0,0,5,0,0,0,0,0
Sebastidae,bboxes,2,0,0,6,0,0,0,0,0,5,0,0,0,0,0
Sebastolobinae,images,0,0,0,1,0,0,0,0,0,0,0,0,0,0,0
Sebastolobinae,bboxes,0,0,0,1,0,0,0,0,0,0,0,0,0,0,0
Sebastolobus,images,395,3,19,1636,18,9,0,0,96,1153,113,9,0,0,0
Sebastolobus,bboxes,530,3,21,2174,18,9,0,0,141,1513,145,10,0,0,0
Sebastolobus alascanus,images,0,0,0,33,0,0,0,0,0,26,0,0,0,0,0
Sebastolobus alascanus,bboxes,0,0,0,35,0,0,0,0,0,28,0,0,0,0,0
Sebastolobus altivelis,images,5,0,0,75,0,0,0,0,4,49,0,0,0,0,0
Sebastolobus altivelis,bboxes,5,0,0,77,0,0,0,0,4,51,0,0,0,0,0
Sebastomus complex,images,1,0,0,46,0,17,0,0,0,38,0,0,0,0,0
Sebastomus complex,bboxes,1,0,0,48,0,17,0,0,0,40,0,0,0,0,0
Seriola rivoliana,images,0,0,0,0,0,0,0,0,0,0,0,0,0,0,0
Seriola rivoliana,bboxes,0,0,0,0,0,0,0,0,0,0,0,0,0,0,0
Serranus psittacinus,images,0,0,0,0,0,0,0,0,0,0,0,0,0,0,0
Serranus psittacinus,bboxes,0,0,0,0,0,0,0,0,0,0,0,0,0,0,0
Spectrunculus grandis,images,0,0,0,2,0,0,0,0,0,2,0,0,0,0,0
Spectrunculus grandis,bboxes,0,0,0,2,0,0,0,0,0,2,0,0,0,0,0
Stegastes rectifraenum,images,0,0,0,0,0,0,0,0,0,0,0,0,0,0,0
Stegastes rectifraenum,bboxes,0,0,0,0,0,0,0,0,0,0,0,0,0,0,0
Stenobrachius leucopsarus,images,0,0,0,4,0,0,0,0,0,4,0,0,0,0,0
Stenobrachius leucopsarus,bboxes,0,0,0,4,0,0,0,0,0,4,0,0,0,0,0
Sternoptyx diaphana,images,0,0,0,1,0,0,0,0,0,1,0,0,0,0,0
Sternoptyx diaphana,bboxes,0,0,0,1,0,0,0,0,0,1,0,0,0,0,0
Sufflamen verres,images,0,0,0,0,0,0,0,0,0,0,0,0,0,0,0
Sufflamen verres,bboxes,0,0,0,0,0,0,0,0,0,0,0,0,0,0,0
Synodus lacertinus,images,0,0,0,0,0,0,0,0,0,0,0,0,0,0,0
Synodus lacertinus,bboxes,0,0,0,0,0,0,0,0,0,0,0,0,0,0,0
Tactostoma macropus,images,0,0,0,3,0,0,0,0,0,3,0,0,0,0,0
Tactostoma macropus,bboxes,0,0,0,3,0,0,0,0,0,3,0,0,0,0,0
Tarletonbeania,images,0,0,0,0,0,0,0,0,0,0,0,0,0,0,0
Tarletonbeania,bboxes,0,0,0,0,0,0,0,0,0,0,0,0,0,0,0
Trachipterus altivelis,images,0,0,0,80,0,0,0,0,0,69,0,0,7,0,0
Trachipterus altivelis,bboxes,0,0,0,80,0,0,0,0,0,69,0,0,7,0,0
Xeneretmus,images,0,0,0,3,0,0,0,0,0,3,0,0,0,0,0
Xeneretmus,bboxes,0,0,0,3,0,0,0,0,0,3,0,0,0,0,0
Xeneretmus latifrons,images,0,0,0,21,0,0,0,0,0,21,0,0,0,0,0
Xeneretmus latifrons,bboxes,0,0,0,22,0,0,0,0,0,22,0,0,0,0,0
Zanclus cornutus,images,0,0,0,0,0,0,0,0,0,0,0,0,0,0,0
Zanclus cornutus,bboxes,0,0,0,0,0,0,0,0,0,0,0,0,0,0,0
Zaniolepis frenata,images,0,0,0,1,0,0,0,0,0,1,0,0,0,0,0
Zaniolepis frenata,bboxes,0,0,0,1,0,0,0,0,0,1,0,0,0,0,0
Zaniolepis latipinnis,images,0,0,0,2,0,0,0,0,0,2,0,0,0,0,0
Zaniolepis latipinnis,bboxes,0,0,0,2,0,0,0,0,0,2,0,0,0,0,0
Anguilliformes,images,1,0,0,1,0,2,0,0,0,1,0,0,0,0,0
Anguilliformes,bboxes,1,0,0,1,0,2,0,0,0,1,0,0,0,0,0
Bathycongrus macrurus,images,0,0,0,0,0,33,0,0,0,0,0,0,0,0,0
Bathycongrus macrurus,bboxes,0,0,0,0,0,33,0,0,0,0,0,0,0,0,0
Gnathophis cinctus,images,0,0,0,0,0,14,0,0,0,0,0,0,0,0,0
Gnathophis cinctus,bboxes,0,0,0,0,0,14,0,0,0,0,0,0,0,0,0
Gymnothorax berndti,images,0,0,0,0,0,0,10,0,0,0,0,0,0,0,0
Gymnothorax berndti,bboxes,0,0,0,0,0,0,10,0,0,0,0,0,0,0,0
Leptocephalus-2,images,0,0,0,12,0,7,0,0,0,3,0,0,0,0,0
Leptocephalus-2,bboxes,0,0,0,12,0,7,0,0,0,3,0,0,0,0,0
Muraena argus,images,0,0,0,0,0,0,0,0,0,0,0,0,0,0,0
Muraena argus,bboxes,0,0,0,0,0,0,0,0,0,0,0,0,0,0,0
Nemichthyidae,images,0,0,0,1,0,1,0,0,0,1,0,0,0,0,0
Nemichthyidae,bboxes,0,0,0,1,0,1,0,0,0,1,0,0,0,0,0
Nettastoma parviceps,images,1,5,0,14,0,17,0,0,0,0,0,0,0,0,0
Nettastoma parviceps,bboxes,1,5,0,14,0,17,0,0,0,0,0,0,0,0,0
Ophichthus frontalis,images,0,0,0,0,0,9,0,0,0,0,0,0,0,0,0
Ophichthus frontalis,bboxes,0,0,0,0,0,10,0,0,0,0,0,0,0,0,0
Serrivomer,images,1,0,0,1,0,0,0,0,0,1,0,0,0,0,0
Serrivomer,bboxes,2,0,0,1,0,0,0,0,0,1,0,0,0,0,0
Synaphobranchidae,images,0,8,0,10,1,0,1,0,0,0,0,0,0,0,0
Synaphobranchidae,bboxes,0,8,0,10,1,0,1,0,0,0,0,0,0,0,0
Eptatretus,images,34,0,1,140,0,1,0,0,16,119,8,0,0,0,0
Eptatretus,bboxes,35,0,1,189,0,1,0,0,24,168,8,0,0,0,0
Eptatretus sinus,images,0,0,0,0,0,1,0,0,0,0,0,0,0,0,0
Eptatretus sinus,bboxes,0,0,0,0,0,1,0,0,0,0,0,0,0,0,0
Bothrocara brunneum,images,0,0,0,7,0,0,0,0,2,6,0,0,0,0,0
Bothrocara brunneum,bboxes,0,0,0,7,0,0,0,0,2,6,0,0,0,0,0
Eucryphycus californicus,images,0,0,0,2,0,0,0,0,0,2,0,0,0,0,0
Eucryphycus californicus,bboxes,0,0,0,2,0,0,0,0,0,2,0,0,0,0,0
Lycenchelys,images,2,2,2,166,2,61,0,0,9,132,15,0,0,0,0
Lycenchelys,bboxes,3,2,2,173,2,65,0,0,9,139,15,0,0,0,0
Lycenchelys crotalinus,images,1,0,0,29,0,0,0,0,7,25,5,0,0,0,0
Lycenchelys crotalinus,bboxes,1,0,0,31,0,0,0,0,7,27,5,0,0,0,0
Lycenchelys sp. 1,images,0,0,0,12,0,0,0,0,1,12,0,0,0,0,0
Lycenchelys sp. 1,bboxes,0,0,0,12,0,0,0,0,1,12,0,0,0,0,0
Lycodapus,images,0,0,0,6,0,0,0,0,1,5,1,0,0,0,0
Lycodapus,bboxes,0,0,0,6,0,0,0,0,1,5,1,0,0,0,0
Lycodapus fierasfer,images,2,0,1,27,0,2,0,0,2,21,21,0,0,0,0
Lycodapus fierasfer,bboxes,2,0,1,28,0,2,0,0,2,22,21,0,0,0,0
Lycodapus mandibularis,images,0,0,0,1,0,0,0,0,0,0,0,0,0,0,0
Lycodapus mandibularis,bboxes,0,0,0,1,0,0,0,0,0,0,0,0,0,0,0
Lycodes,images,2,0,0,21,0,0,0,0,0,19,0,0,0,0,0
Lycodes,bboxes,2,0,0,21,0,0,0,0,0,19,0,0,0,0,0
Lycodes brevipes,images,0,0,0,4,0,0,0,0,0,4,0,0,0,0,0
Lycodes brevipes,bboxes,0,0,0,4,0,0,0,0,0,4,0,0,0,0,0
Lycodes cortezianus,images,15,0,0,98,0,0,0,0,0,96,0,0,0,0,0
Lycodes cortezianus,bboxes,15,0,0,104,0,0,0,0,0,102,0,0,0,0,0
Lycodes diapterus,images,10,0,0,145,0,0,0,0,1,143,1,0,0,0,0
Lycodes diapterus,bboxes,10,0,0,160,0,0,0,0,1,158,1,0,0,0,0
Lycodes pacificus,images,0,0,0,17,0,0,0,0,0,17,0,0,0,0,0
Lycodes pacificus,bboxes,0,0,0,17,0,0,0,0,0,17,0,0,0,0,0
Lycodinae,images,2,0,0,7,0,0,0,0,0,7,0,0,0,0,0
Lycodinae,bboxes,2,0,0,7,0,0,0,0,0,7,0,0,0,0,0
Melanostigma pammelas,images,0,0,0,2,0,0,0,0,0,2,0,0,0,0,0
Melanostigma pammelas,bboxes,0,0,0,2,0,0,0,0,0,2,0,0,0,0,0
Pachycara,images,0,1,0,4,0,0,0,0,0,1,0,0,0,0,0
Pachycara,bboxes,0,1,0,4,0,0,0,0,0,1,0,0,0,0,0
Pachycara bulbiceps,images,0,3,0,22,0,0,0,0,0,17,0,0,0,0,0
Pachycara bulbiceps,bboxes,0,3,0,22,0,0,0,0,0,17,0,0,0,0,0
Thermarces cerberus,images,0,0,0,0,0,1,0,0,0,0,0,0,0,0,0
Thermarces cerberus,bboxes,0,0,0,0,0,3,0,0,0,0,0,0,0,0,0
Zoarcidae,images,0,2,0,10,0,5,0,0,0,5,0,0,0,0,0
Zoarcidae,bboxes,0,2,0,10,0,5,0,0,0,5,0,0,0,0,0
Aeolidiidae sp. 1,images,0,0,0,2,0,0,0,0,0,2,0,0,0,0,0
Aeolidiidae sp. 1,bboxes,0,0,0,2,0,0,0,0,0,2,0,0,0,0,0
Akoya,images,2,0,0,0,0,0,0,0,0,0,0,0,0,0,0
Akoya,bboxes,2,0,0,0,0,0,0,0,0,0,0,0,0,0,0
Akoya platinum,images,3,0,0,20,0,0,0,0,1,16,0,0,0,0,0
Akoya platinum,bboxes,3,0,0,24,0,0,0,0,2,18,0,0,0,0,0
Bathybembix,images,0,0,0,11,0,0,0,0,4,11,0,0,0,0,0
Bathybembix,bboxes,0,0,0,21,0,0,0,0,11,21,0,0,0,0,0
Bathydoris aioca,images,0,0,0,0,0,0,0,0,0,0,1,0,0,0,0
Bathydoris aioca,bboxes,0,0,0,0,0,0,0,0,0,0,1,0,0,0,0
Buccinidae,images,0,0,0,3,0,0,0,0,0,3,0,0,0,0,0
Buccinidae,bboxes,0,0,0,11,0,0,0,0,0,11,0,0,0,0,0
Caenogastropoda,images,0,0,0,4,0,0,0,0,0,4,0,0,0,0,0
Caenogastropoda,bboxes,0,0,0,33,0,0,0,0,0,33,0,0,0,0,0
Calliostoma,images,6,0,0,19,0,0,0,0,0,12,0,0,0,0,0
Calliostoma,bboxes,19,0,0,29,0,0,0,0,0,20,0,0,0,0,0
Carinaria japonica,images,0,0,0,0,0,0,0,0,0,0,0,0,0,0,0
Carinaria japonica,bboxes,0,0,0,0,0,0,0,0,0,0,0,0,0,0,0
Clio,images,0,0,0,6,0,13,0,0,0,5,0,0,0,0,0
Clio,bboxes,0,0,0,6,0,15,0,0,0,5,0,0,0,0,0
Corolla spectabilis,images,1,5,0,28,0,1,0,0,1,10,0,0,9,0,0
Corolla spectabilis,bboxes,1,7,0,37,0,1,0,0,1,13,0,0,15,0,0
Dendronotus patricki,images,0,0,0,1,0,0,0,0,0,1,0,0,0,0,0
Dendronotus patricki,bboxes,0,0,0,2,0,0,0,0,0,2,0,0,0,0,0
Gastropoda,images,38,1,2,217,1,11,0,0,33,184,5,0,0,0,0
Gastropoda,bboxes,119,1,3,455,1,34,0,0,77,405,6,0,0,0,0
Heterobranchia,images,0,0,0,1,0,0,0,0,0,0,0,0,0,0,0
Heterobranchia,bboxes,0,0,0,1,0,0,0,0,0,0,0,0,0,0,0
Neogastropoda,images,0,0,0,2,0,0,0,0,0,2,0,0,0,0,0
Neogastropoda,bboxes,0,0,0,2,0,0,0,0,0,2,0,0,0,0,0
Neptunea,images,5,0,14,60,1,0,0,0,3,56,17,0,0,0,0
Neptunea,bboxes,14,0,28,179,1,0,0,0,20,174,32,0,0,0,0
Neptunea amianta,images,0,0,0,1,0,0,0,0,0,1,0,0,0,0,0
Neptunea amianta,bboxes,0,0,0,3,0,0,0,0,0,3,0,0,0,0,0
Neptunea-Buccinum Complex,images,7,1,3,82,0,0,0,0,2,58,5,0,0,0,0
Neptunea-Buccinum Complex,bboxes,11,7,5,185,0,0,0,0,6,137,8,0,0,0,0
Nudibranchia,images,0,0,0,1,0,0,0,0,0,1,0,0,0,0,0
Nudibranchia,bboxes,0,0,0,1,0,0,0,0,0,1,0,0,0,0,0
Patellogastropoda,images,1,1,0,2,0,0,0,2,0,0,2,0,0,0,0
Patellogastropoda,bboxes,1,1,0,2,0,0,0,2,0,0,2,0,0,0,0
Pleurobranchaea,images,1,0,0,0,0,0,0,0,0,0,0,0,0,0,0
Pleurobranchaea,bboxes,1,0,0,0,0,0,0,0,0,0,0,0,0,0,0
Pleurobranchaea californica,images,0,0,0,25,0,0,0,0,0,25,0,0,0,0,0
Pleurobranchaea californica,bboxes,0,0,0,26,0,0,0,0,0,26,0,0,0,0,0
Provannidae,images,0,0,0,5,0,0,0,0,0,5,0,0,0,0,0
Provannidae,bboxes,0,0,0,38,0,0,0,0,0,38,0,0,0,0,0
Pteropoda,images,7,7,0,53,0,53,0,0,0,24,1,0,3,0,0
Pteropoda,bboxes,7,7,0,53,0,53,0,0,0,24,1,0,3,0,0
Retimohnia sp. A,images,0,0,0,1,0,0,0,0,0,0,0,0,0,0,0
Retimohnia sp. A,bboxes,0,0,0,10,0,0,0,0,0,0,0,0,0,0,0
Rubyspira,images,0,0,0,1,0,0,0,0,0,1,0,0,0,0,0
Rubyspira,bboxes,0,0,0,6,0,0,0,0,0,6,0,0,0,0,0
Rubyspira osteovora,images,0,0,0,4,0,0,0,0,0,4,0,0,0,0,0
Rubyspira osteovora,bboxes,0,0,0,19,0,0,0,0,0,19,0,0,0,0,0
Tenebrincola cukri,images,0,0,0,0,0,0,0,0,0,0,0,0,1,0,0
Tenebrincola cukri,bboxes,0,0,0,0,0,0,0,0,0,0,0,0,1,0,0
Thecosomata,images,0,0,0,11,0,2,0,0,0,1,0,0,0,0,0
Thecosomata,bboxes,0,0,0,11,0,2,0,0,0,1,0,0,0,0,0
Thliptodon,images,2,11,0,24,0,0,0,0,0,3,0,0,0,0,0
Thliptodon,bboxes,2,11,0,24,0,0,0,0,0,3,0,0,0,0,0
Tritonia,images,0,0,0,5,0,0,0,0,1,3,0,0,0,0,0
Tritonia,bboxes,0,0,0,5,0,0,0,0,1,3,0,0,0,0,0
Tritonia tetraquetra,images,0,0,0,20,0,0,0,0,2,15,0,0,0,0,0
Tritonia tetraquetra,bboxes,0,0,0,24,0,0,0,0,2,16,0,0,0,0,0
Ziminella vrijenhoeki,images,0,0,0,2,0,0,0,0,0,2,0,0,0,0,0
Ziminella vrijenhoeki,bboxes,0,0,0,2,0,0,0,0,0,2,0,0,0,0,0
Asteriidae,images,0,0,0,2,0,0,0,0,0,2,0,0,0,0,0
Asteriidae,bboxes,0,0,0,2,0,0,0,0,0,2,0,0,0,0,0
Asteroidea,images,162,11,3,572,7,19,0,7,0,409,38,0,0,0,1
Asteroidea,bboxes,270,15,3,924,9,30,0,8,0,689,42,0,0,0,1
Asteroidea sp. 1,images,0,0,0,6,0,0,0,0,0,6,0,0,0,0,0
Asteroidea sp. 1,bboxes,0,0,0,6,0,0,0,0,0,6,0,0,0,0,0
Asthenactis,images,1,0,0,4,0,0,2,0,0,0,0,0,0,0,0
Asthenactis,bboxes,1,0,0,5,0,0,2,0,0,0,0,0,0,0,0
Asthenactis fisheri,images,4,1,0,74,13,0,0,1,0,7,2,2,0,0,0
Asthenactis fisheri,bboxes,4,1,0,74,13,0,0,1,0,7,2,2,0,0,0
Asthenactis papyraceus,images,0,0,0,0,0,0,9,0,0,0,1,0,0,0,0
Asthenactis papyraceus,bboxes,0,0,0,0,0,0,9,0,0,0,1,0,0,0,0
Astropecten,images,0,0,0,1,0,0,0,0,0,1,0,0,0,0,0
Astropecten,bboxes,0,0,0,1,0,0,0,0,0,1,0,0,0,0,0
Benthopecten,images,4,0,0,1,0,0,0,0,0,1,0,0,0,0,0
Benthopecten,bboxes,7,0,0,1,0,0,0,0,0,1,0,0,0,0,0
Benthopecten claviger,images,4,0,0,0,0,0,0,0,0,0,0,0,0,0,0
Benthopecten claviger,bboxes,4,0,0,0,0,0,0,0,0,0,0,0,0,0,0
Benthopectinidae,images,2,0,0,0,0,0,0,0,0,0,0,0,0,0,0
Benthopectinidae,bboxes,3,0,0,0,0,0,0,0,0,0,0,0,0,0,0
Ceramaster,images,2,0,0,3,0,0,0,0,0,1,0,0,0,0,0
Ceramaster,bboxes,2,0,0,3,0,0,0,0,0,1,0,0,0,0,0
Crossaster,images,2,0,0,7,0,0,0,0,0,4,0,0,0,0,0
Crossaster,bboxes,2,0,0,7,0,0,0,0,0,4,0,0,0,0,0
Crossaster borealis,images,18,0,0,159,8,0,0,5,34,109,7,0,0,0,0
Crossaster borealis,bboxes,20,0,0,175,16,0,0,5,34,112,7,0,0,0,0
Dipsacaster,images,0,0,0,4,0,0,0,0,0,0,0,0,0,0,0
Dipsacaster,bboxes,0,0,0,4,0,0,0,0,0,0,0,0,0,0,0
Dipsacaster eximius,images,0,0,0,1,0,1,0,0,0,1,0,0,0,0,0
Dipsacaster eximius,bboxes,0,0,0,1,0,2,0,0,0,1,0,0,0,0,0
Dytaster gilberti,images,0,0,0,0,0,0,0,0,0,0,0,0,2,0,0
Dytaster gilberti,bboxes,0,0,0,0,0,0,0,0,0,0,0,0,2,0,0
Forcipulatacea,images,0,0,0,1,0,0,0,0,0,1,0,0,0,0,0
Forcipulatacea,bboxes,0,0,0,2,0,0,0,0,0,2,0,0,0,0,0
Forcipulatida,images,0,0,0,2,0,0,0,0,0,2,0,0,0,0,0
Forcipulatida,bboxes,0,0,0,2,0,0,0,0,0,2,0,0,0,0,0
Goniasteridae,images,1,0,0,4,0,0,0,0,0,2,1,0,0,0,0
Goniasteridae,bboxes,1,0,0,10,0,0,0,0,0,4,1,0,0,0,0
Henricia,images,0,1,0,8,0,0,0,0,0,4,0,0,0,0,0
Henricia,bboxes,0,1,0,9,0,0,0,0,0,4,0,0,0,0,0
Heterozonias alternatus,images,0,0,0,7,0,0,0,0,0,3,0,0,0,0,0
Heterozonias alternatus,bboxes,0,0,0,7,0,0,0,0,0,3,0,0,0,0,0
Hippasteria,images,0,0,0,83,0,1,4,0,4,56,3,0,0,0,1
Hippasteria,bboxes,0,0,0,115,0,1,4,0,4,65,3,0,0,0,1
Hippasteria californica,images,0,0,0,12,0,0,0,0,0,9,0,0,0,0,0
Hippasteria californica,bboxes,0,0,0,12,0,0,0,0,0,9,0,0,0,0,0
Hippasteria lepidonotus,images,0,0,0,10,0,0,0,0,0,3,0,0,0,0,0
Hippasteria lepidonotus,bboxes,0,0,0,11,0,0,0,0,0,3,0,0,0,0,0
Hymenaster,images,8,7,0,177,0,15,2,3,0,8,42,0,5,0,0
Hymenaster,bboxes,8,8,0,202,0,15,2,3,0,8,42,0,5,0,0
Hymenaster koehleri,images,1,6,0,7,0,0,0,0,0,0,1,0,0,0,0
Hymenaster koehleri,bboxes,1,6,0,7,0,0,0,0,0,0,1,0,0,0,0
Lophaster,images,0,0,0,43,9,0,0,0,0,41,2,0,0,0,0
Lophaster,bboxes,0,0,0,107,18,0,0,0,0,105,2,0,0,0,0
Lophaster furcilliger,images,0,0,0,7,0,0,0,0,0,7,0,0,0,0,0
Lophaster furcilliger,bboxes,0,0,0,20,0,0,0,0,0,20,0,0,0,0,0
Luidia foliolata,images,1,0,0,86,0,0,0,0,0,86,0,0,0,0,0
Luidia foliolata,bboxes,1,0,0,87,0,0,0,0,0,87,0,0,0,0,0
Mediaster,images,0,0,0,65,0,0,0,0,0,65,0,0,0,0,0
Mediaster,bboxes,0,0,0,88,0,0,0,0,0,88,0,0,0,0,0
Mediaster aequalis,images,2,0,0,106,0,0,0,0,0,105,0,0,0,0,0
Mediaster aequalis,bboxes,2,0,0,191,0,0,0,0,0,189,0,0,0,0,0
Mediaster tenellus,images,0,0,0,1,0,0,0,0,0,1,0,0,0,0,0
Mediaster tenellus,bboxes,0,0,0,1,0,0,0,0,0,1,0,0,0,0,0
Myxoderma,images,2,0,0,11,0,0,0,0,0,6,0,0,0,0,0
Myxoderma,bboxes,10,0,0,25,0,0,0,0,0,12,0,0,0,0,0
Myxoderma platyacanthum,images,1,0,0,30,0,0,0,0,0,28,0,0,0,0,0
Myxoderma platyacanthum,bboxes,1,0,0,59,0,0,0,0,0,52,0,0,0,0,0
Myxoderma sacculatum,images,5,0,0,4,0,0,0,0,0,0,0,0,0,0,0
Myxoderma sacculatum,bboxes,13,0,0,5,0,0,0,0,0,0,0,0,0,0,0
Patiria miniata,images,0,0,0,1,0,0,0,0,0,0,0,0,0,0,0
Patiria miniata,bboxes,0,0,0,6,0,0,0,0,0,0,0,0,0,0,0
Paulasterias mcclaini,images,0,0,0,0,0,0,0,1,0,0,1,0,0,0,0
Paulasterias mcclaini,bboxes,0,0,0,0,0,0,0,1,0,0,1,0,0,0,0
Paxillosida,images,0,0,0,0,0,0,0,0,0,0,0,0,0,0,0
Paxillosida,bboxes,0,0,0,0,0,0,0,0,0,0,0,0,0,0,0
Peribolaster biserialis,images,2,0,0,0,0,0,0,0,0,0,0,0,0,0,0
Peribolaster biserialis,bboxes,4,0,0,0,0,0,0,0,0,0,0,0,0,0,0
Poraniopsis,images,6,0,0,4,0,0,0,0,0,4,0,0,0,0,0
Poraniopsis,bboxes,7,0,0,5,0,0,0,0,0,5,0,0,0,0,0
Poraniopsis inflata,images,4,0,0,4,0,0,0,0,0,4,0,0,0,0,0
Poraniopsis inflata,bboxes,10,0,0,4,0,0,0,0,0,4,0,0,0,0,0
Pteraster,images,11,30,0,142,2,18,2,17,2,58,34,0,0,0,2
Pteraster,bboxes,11,30,0,145,2,18,2,17,2,59,34,0,0,0,2
Pterasteridae,images,42,12,1,107,0,25,0,8,0,52,13,0,0,0,0
Pterasteridae,bboxes,43,12,1,115,0,25,0,8,0,56,13,0,0,0,0
Pycnopodia helianthoides,images,0,0,0,4,0,0,0,0,0,4,0,0,0,0,0
Pycnopodia helianthoides,bboxes,0,0,0,4,0,0,0,0,0,4,0,0,0,0,0
Pythonaster,images,0,1,0,1,0,14,0,0,0,0,0,0,0,0,0
Pythonaster,bboxes,0,1,0,1,0,14,0,0,0,0,0,0,0,0,0
Pythonaster pacificus,images,0,0,0,0,0,0,0,0,0,0,0,0,13,0,0
Pythonaster pacificus,bboxes,0,0,0,0,0,0,0,0,0,0,0,0,13,0,0
Rathbunaster,images,0,0,0,15,0,0,0,0,0,15,1,0,0,0,0
Rathbunaster,bboxes,0,0,0,32,0,0,0,0,0,32,1,0,0,0,0
Rathbunaster californicus,images,30,0,8,980,0,0,0,0,3,966,17,0,0,0,0
Rathbunaster californicus,bboxes,63,0,12,1963,0,0,0,0,3,1945,21,0,0,0,0
Solaster,images,4,1,1,32,3,2,0,1,3,17,2,0,0,0,0
Solaster,bboxes,4,1,1,35,4,2,0,1,3,20,2,0,0,0,0
Solaster hypothrissus,images,1,1,0,26,15,0,0,1,0,3,1,0,0,0,1
Solaster hypothrissus,bboxes,1,1,0,26,16,0,0,1,0,3,1,0,0,0,1
Solasteridae,images,6,7,8,93,1,4,3,4,4,47,23,1,1,0,1
Solasteridae,bboxes,6,7,8,96,1,4,3,4,5,49,23,1,1,0,1
Stylasterias,images,0,0,0,2,0,0,0,0,0,2,0,0,0,0,0
Stylasterias,bboxes,0,0,0,2,0,0,0,0,0,2,0,0,0,0,0
Stylasterias forreri,images,4,0,1,129,0,0,0,0,0,129,1,0,0,0,0
Stylasterias forreri,bboxes,4,0,2,141,0,0,0,0,0,141,2,0,0,0,0
Thrissacanthias penicillatus,images,0,0,0,3,0,0,0,0,0,2,0,0,0,0,0
Thrissacanthias penicillatus,bboxes,0,0,0,4,0,0,0,0,0,2,0,0,0,0,0
Valvatida,images,0,0,0,0,0,0,0,0,0,0,0,0,0,0,0
Valvatida,bboxes,0,0,0,0,0,0,0,0,0,0,0,0,0,0,0
Zoroaster spinulosus,images,0,0,0,0,0,0,0,1,0,0,1,0,0,0,0
Zoroaster spinulosus,bboxes,0,0,0,0,0,0,0,1,0,0,1,0,0,0,0
Zoroasteridae,images,0,0,0,2,0,0,0,1,0,2,1,0,0,0,0
Zoroasteridae,bboxes,0,0,0,3,0,0,0,1,0,3,1,0,0,0,0
Antedonidae,images,0,0,0,8,0,0,1,0,0,0,0,0,0,0,0
Antedonidae,bboxes,0,0,0,25,0,0,1,0,0,0,0,0,0,0,0
Antedonoidea,images,0,4,0,20,2,0,0,0,0,1,0,0,0,0,0
Antedonoidea,bboxes,0,13,0,47,2,0,0,0,0,3,0,0,0,0,0
Antedonoidea sp. 1,images,0,0,0,9,0,0,0,0,0,6,0,0,0,0,0
Antedonoidea sp. 1,bboxes,0,0,0,13,0,0,0,0,0,7,0,0,0,0,0
Articulata,images,0,2,0,2,0,1,0,0,0,0,1,0,0,0,0
Articulata,bboxes,0,2,0,2,0,2,0,0,0,0,1,0,0,0,0
Bathycrinidae,images,0,0,0,0,0,0,0,0,0,0,3,0,1,0,0
Bathycrinidae,bboxes,0,0,0,0,0,0,0,0,0,0,4,0,1,0,0
Bathycrinus complanatus,images,0,0,0,0,0,0,0,0,0,0,0,0,4,0,0
Bathycrinus complanatus,bboxes,0,0,0,0,0,0,0,0,0,0,0,0,4,0,0
Bathymetrinae,images,0,0,0,6,0,0,0,0,0,0,0,0,0,0,0
Bathymetrinae,bboxes,0,0,0,11,0,0,0,0,0,0,0,0,0,0,0
Comatulida,images,0,0,0,32,2,0,0,5,0,20,5,0,0,0,0
Comatulida,bboxes,0,0,0,67,4,0,0,5,0,39,5,0,0,0,0
Crinoidea,images,2,15,0,73,1,4,1,3,0,19,7,1,19,0,0
Crinoidea,bboxes,3,23,0,135,1,6,1,3,0,30,9,2,22,0,0
Fariometra,images,0,0,0,1,0,0,0,0,0,0,0,0,0,0,0
Fariometra,bboxes,0,0,0,1,0,0,0,0,0,0,0,0,0,0,0
Fariometra parvula,images,0,0,0,5,0,0,0,0,0,0,0,0,8,0,0
Fariometra parvula,bboxes,0,0,0,12,0,0,0,0,0,0,0,0,10,0,0
Florometra serratissima,images,4,0,0,190,7,6,0,2,0,178,3,0,0,0,0
Florometra serratissima,bboxes,6,0,0,478,25,6,0,2,0,435,3,0,0,0,0
Hyocrinida,images,0,1,0,1,0,0,0,0,0,0,1,0,1,0,0
Hyocrinida,bboxes,0,2,0,2,0,0,0,0,0,0,1,0,1,0,0
Hyocrinidae,images,0,1,0,2,0,0,0,0,0,1,0,0,0,0,0
Hyocrinidae,bboxes,0,1,0,2,0,0,0,0,0,1,0,0,0,0,0
Pentametrocrinus paucispinulus,images,0,0,0,1,1,0,0,0,0,0,0,0,0,0,0
Pentametrocrinus paucispinulus,bboxes,0,0,0,1,1,0,0,0,0,0,0,0,0,0,0
Psathyrometra,images,0,0,0,1,0,0,0,0,0,1,0,0,0,0,0
Psathyrometra,bboxes,0,0,0,1,0,0,0,0,0,1,0,0,0,0,0
Psathyrometra fragilis,images,0,0,0,85,19,5,0,1,0,76,4,0,0,0,0
Psathyrometra fragilis,bboxes,0,0,0,180,78,9,0,2,0,161,5,0,0,0,0
Tonrometra,images,0,0,0,3,0,0,0,0,0,2,0,0,0,0,0
Tonrometra,bboxes,0,0,0,4,0,0,0,0,0,3,0,0,0,0,0
Abyssocucumis abyssorum,images,0,17,0,142,0,23,0,0,0,13,15,0,240,0,0
Abyssocucumis abyssorum,bboxes,0,25,0,168,0,30,0,0,0,14,15,0,257,0,0
Apostichopus,images,2,0,0,20,0,0,0,0,0,20,0,0,0,0,0
Apostichopus,bboxes,2,0,0,26,0,0,0,0,0,26,0,0,0,0,0
Apostichopus californicus,images,0,0,0,1,0,0,0,0,0,1,0,0,0,0,0
Apostichopus californicus,bboxes,0,0,0,1,0,0,0,0,0,1,0,0,0,0,0
Apostichopus leukothele,images,20,0,0,178,0,1,0,0,0,175,0,0,0,0,0
Apostichopus leukothele,bboxes,23,0,0,232,0,1,0,0,0,229,0,0,0,0,0
Benthodytes,images,0,0,0,1,0,0,0,0,0,0,0,0,0,0,0
Benthodytes,bboxes,0,0,0,1,0,0,0,0,0,0,0,0,0,0,0
Benthodytes sp. 1,images,1,0,0,0,0,3,0,0,0,0,0,0,0,0,0
Benthodytes sp. 1,bboxes,1,0,0,0,0,6,0,0,0,0,0,0,0,0,0
Benthothuria,images,0,0,0,5,0,0,0,0,0,0,4,0,0,0,0
Benthothuria,bboxes,0,0,0,5,0,0,0,0,0,0,4,0,0,0,0
Elpidia,images,0,0,0,0,0,2,0,0,0,0,0,0,221,0,0
Elpidia,bboxes,0,0,0,0,0,4,0,0,0,0,0,0,332,0,0
Elpidia sp. A,images,0,0,0,0,0,0,0,0,0,0,0,0,224,0,0
Elpidia sp. A,bboxes,0,0,0,0,0,0,0,0,0,0,0,0,279,0,0
Holothuria (Vaneyothuria) zacae,images,0,0,0,0,0,1,0,0,0,0,0,0,0,0,0
Holothuria (Vaneyothuria) zacae,bboxes,0,0,0,0,0,1,0,0,0,0,0,0,0,0,0
Holothuroidea,images,23,18,6,103,1,32,0,6,0,22,28,0,49,0,0
Holothuroidea,bboxes,34,24,12,158,1,57,0,10,0,31,38,0,66,0,0
Holothuroidea sp. 3,images,0,0,0,0,0,5,0,0,0,0,0,0,0,0,0
Holothuroidea sp. 3,bboxes,0,0,0,0,0,13,0,0,0,0,0,0,0,0,0
Holothuroidea sp. 4,images,0,0,0,1,0,0,0,0,0,0,0,0,1,0,0
Holothuroidea sp. 4,bboxes,0,0,0,1,0,0,0,0,0,0,0,0,1,0,0
Holothuroidea sp. 6,images,0,0,0,0,0,0,0,0,0,0,0,0,1,0,0
Holothuroidea sp. 6,bboxes,0,0,0,0,0,0,0,0,0,0,0,0,1,0,0
Laetmogone,images,0,0,0,1,0,0,0,2,0,1,2,0,0,0,0
Laetmogone,bboxes,0,0,0,10,0,0,0,2,0,10,2,0,0,0,0
Laetmogone wyvillethomsoni,images,0,1,0,1,0,0,0,0,0,0,1,0,0,0,0
Laetmogone wyvillethomsoni,bboxes,0,2,0,2,0,0,0,0,0,0,1,0,0,0,0
Laetmogonidae,images,0,4,0,4,0,0,0,0,0,0,0,0,0,0,0
Laetmogonidae,bboxes,0,7,0,7,0,0,0,0,0,0,0,0,0,0,0
Oneirophanta,images,0,3,0,3,0,0,0,0,0,0,0,0,1,0,0
Oneirophanta,bboxes,0,3,0,3,0,0,0,0,0,0,0,0,1,0,0
Oneirophanta mutabilis complex,images,0,1,0,2,0,5,0,0,0,0,13,0,121,0,0
Oneirophanta mutabilis complex,bboxes,0,1,0,2,0,5,0,0,0,0,13,0,123,0,0
Paelopatides,images,0,0,0,1,0,3,3,1,0,0,1,0,0,0,0
Paelopatides,bboxes,0,0,0,1,0,8,3,1,0,0,1,0,0,0,0
Paelopatides confundens,images,0,12,5,130,0,84,2,0,0,42,95,0,69,0,0
Paelopatides confundens,bboxes,0,12,10,151,0,172,2,0,0,47,106,0,71,0,0
Pannychia,images,21,0,0,33,0,16,0,10,0,21,12,2,0,0,0
Pannychia,bboxes,28,0,0,54,0,22,0,10,0,33,12,2,0,0,0
Pannychia moseleyi,images,172,0,4,448,7,51,0,19,0,380,54,7,0,0,0
Pannychia moseleyi,bboxes,306,0,5,680,9,75,0,19,0,545,56,10,0,0,0
Pannychia sp. 1,images,2,1,0,13,0,0,0,0,0,6,0,0,0,0,0
Pannychia sp. 1,bboxes,2,1,0,16,0,0,0,0,0,6,0,0,0,0,0
Peniagone,images,0,16,10,138,0,96,0,22,0,20,81,0,91,0,2
Peniagone,bboxes,0,16,17,187,0,100,0,22,0,20,90,0,157,0,2
Peniagone gracilis,images,0,0,0,1,0,0,0,0,0,0,0,0,453,0,0
Peniagone gracilis,bboxes,0,0,0,1,0,0,0,0,0,0,0,0,523,0,0
Peniagone papillata,images,0,0,0,0,0,0,0,0,0,0,2,0,184,0,0
Peniagone papillata,bboxes,0,0,0,0,0,0,0,0,0,0,2,0,190,0,0
Peniagone sp. 1,images,0,0,0,1,0,0,0,0,0,0,0,0,242,0,0
Peniagone sp. 1,bboxes,0,0,0,1,0,0,0,0,0,0,0,0,554,0,0
Peniagone sp. 2,images,0,1,0,4,0,0,0,0,0,0,0,0,158,0,0
Peniagone sp. 2,bboxes,0,1,0,6,0,0,0,0,0,0,0,0,167,0,0
Peniagone sp. A,images,0,1,0,41,0,0,0,0,0,0,0,0,766,0,0
Peniagone sp. A,bboxes,0,1,0,105,0,0,0,0,0,0,0,0,1087,0,0
Peniagone vitrea,images,0,0,0,1,0,0,0,0,0,0,0,0,163,0,0
Peniagone vitrea,bboxes,0,0,0,1,0,0,0,0,0,0,0,0,269,0,0
Peniagone vitrea- sp. 1 complex,images,0,0,0,1,0,0,0,0,0,0,0,0,182,0,0
Peniagone vitrea- sp. 1 complex,bboxes,0,0,0,1,0,0,0,0,0,0,0,0,235,0,0
Pseudostichopus mollis,images,0,0,0,1,0,1,0,0,0,0,0,0,11,0,0
Pseudostichopus mollis,bboxes,0,0,0,1,0,1,0,0,0,0,0,0,11,0,0
Psolidae,images,0,0,0,1,0,2,0,0,0,1,0,0,0,0,0
Psolidae,bboxes,0,0,0,2,0,10,0,0,0,2,0,0,0,0,0
Psolus,images,1,0,0,1,0,0,0,0,0,1,0,0,0,0,0
Psolus,bboxes,2,0,0,5,0,0,0,0,0,5,0,0,0,0,0
Psolus squamatus,images,11,0,1,604,8,5,0,0,0,473,3,3,0,0,0
Psolus squamatus,bboxes,13,0,1,2172,15,13,0,0,0,1823,4,4,0,0,0
Psychronaetes,images,0,0,0,0,0,1,0,0,0,0,0,0,0,0,0
Psychronaetes,bboxes,0,0,0,0,0,1,0,0,0,0,0,0,0,0,0
Psychropotes depressa,images,0,0,0,0,0,0,0,0,0,0,0,0,3,0,0
Psychropotes depressa,bboxes,0,0,0,0,0,0,0,0,0,0,0,0,3,0,0
Psychropotes sp. 1,images,0,0,1,11,0,8,0,0,0,0,8,0,68,0,0
Psychropotes sp. 1,bboxes,0,0,1,11,0,8,0,0,0,0,8,0,68,0,0
Psychropotidae,images,0,0,0,0,0,0,0,0,0,0,0,0,1,0,0
Psychropotidae,bboxes,0,0,0,0,0,0,0,0,0,0,0,0,1,0,0
Scotoplanes,images,0,0,0,35,0,5,0,0,0,9,0,0,6,0,0
Scotoplanes,bboxes,0,0,0,71,0,5,0,0,0,17,0,0,6,0,0
Scotoplanes clarki,images,0,0,0,3,0,8,0,0,0,0,0,0,0,0,0
Scotoplanes clarki,bboxes,0,0,0,4,0,8,0,0,0,0,0,0,0,0,0
Scotoplanes globosa,images,0,3,1,178,0,0,0,0,0,28,8,0,688,0,0
Scotoplanes globosa,bboxes,0,3,2,452,0,0,0,0,0,109,9,0,774,0,0
Scotoplanes sp. A,images,4,0,2,290,0,0,0,0,0,263,4,0,0,0,0
Scotoplanes sp. A,bboxes,4,0,4,452,0,0,0,0,0,396,6,0,0,0,0
Synallactes,images,4,3,0,4,0,2,0,39,0,0,45,0,1,0,0
Synallactes,bboxes,4,3,0,4,0,2,0,44,0,0,50,0,1,0,0
Synallactidae,images,1,9,0,64,1,4,0,9,0,3,36,0,20,0,0
Synallactidae,bboxes,2,9,0,68,1,6,0,9,0,3,37,0,20,0,0
Synallactidae gen. et sp. indet.,images,0,7,0,46,0,0,0,0,0,2,0,0,112,0,0
Synallactidae gen. et sp. indet.,bboxes,0,9,0,55,0,0,0,0,0,2,0,0,115,0,0
Aporocidaris milleri,images,0,8,0,23,0,4,0,0,0,0,0,0,0,0,0
Aporocidaris milleri,bboxes,0,10,0,26,0,4,0,0,0,0,0,0,0,0,0
Brisaster,images,2,0,0,0,0,0,0,0,0,0,0,0,0,0,0
Brisaster,bboxes,19,0,0,0,0,0,0,0,0,0,0,0,0,0,0
Cystechinus giganteus,images,0,0,0,0,0,0,0,17,0,0,17,0,0,0,0
Cystechinus giganteus,bboxes,0,0,0,0,0,0,0,21,0,0,21,0,0,0,0
Cystechinus loveni,images,0,4,0,11,0,0,0,0,0,0,2,0,54,0,0
Cystechinus loveni,bboxes,0,4,0,14,0,0,0,0,0,0,2,0,58,0,0
Cystocrepis setigera,images,0,0,0,22,0,6,0,0,0,0,5,0,58,0,0
Cystocrepis setigera,bboxes,0,0,0,34,0,8,0,0,0,0,5,0,63,0,0
Echinidea,images,0,0,0,1,0,0,0,0,0,0,0,0,0,0,0
Echinidea,bboxes,0,0,0,1,0,0,0,0,0,0,0,0,0,0,0
Echinocrepis rostrata,images,0,0,0,3,0,0,0,0,0,0,1,0,96,0,0
Echinocrepis rostrata,bboxes,0,0,0,5,0,0,0,0,0,0,1,0,99,0,0
Echinoidea,images,3,1,0,8,0,1,0,0,0,4,0,1,1,0,0
Echinoidea,bboxes,5,2,0,9,0,1,0,0,0,4,0,1,1,0,0
Echinothuriidae,images,0,0,0,1,0,0,3,0,0,0,0,0,0,0,0
Echinothuriidae,bboxes,0,0,0,1,0,0,3,0,0,0,0,0,0,0,0
Strongylocentrotus,images,0,0,0,5,0,6,0,0,0,4,0,0,0,0,0
Strongylocentrotus,bboxes,0,0,0,17,0,6,0,0,0,7,0,0,0,0,0
Strongylocentrotus fragilis,images,158,0,2,3162,1,0,0,0,15,3126,6,0,0,0,0
Strongylocentrotus fragilis,bboxes,866,0,4,13371,1,0,0,0,19,13073,18,0,0,0,0
Tromikosoma,images,0,0,0,2,0,0,0,0,0,0,0,0,0,0,0
Tromikosoma,bboxes,0,0,0,2,0,0,0,0,0,0,0,0,0,0,0
Tromikosoma panamense,images,0,1,0,17,1,4,0,0,0,0,3,0,0,0,0
Tromikosoma panamense,bboxes,0,2,0,22,1,4,0,0,0,0,3,0,0,0,0
Acanthascinae,images,0,0,0,37,0,1,0,1,0,18,2,0,0,0,1
Acanthascinae,bboxes,0,0,0,72,0,1,0,1,0,30,2,0,0,0,1
Acanthascinae sp. 1-4 complex,images,1,0,0,7,0,1,0,0,0,2,0,0,0,0,0
Acanthascinae sp. 1-4 complex,bboxes,3,0,0,10,0,1,0,0,0,3,0,0,0,0,0
Acanthascinae sp. 2,images,0,0,0,7,0,0,0,0,0,7,0,0,0,0,0
Acanthascinae sp. 2,bboxes,0,0,0,7,0,0,0,0,0,7,0,0,0,0,0
Acanthascinae sp. 4,images,0,0,0,2,0,0,0,0,0,0,0,0,0,0,0
Acanthascinae sp. 4,bboxes,0,0,0,2,0,0,0,0,0,0,0,0,0,0,0
Bathydorus,images,0,0,0,0,0,1,0,0,0,0,0,0,1,0,0
Bathydorus,bboxes,0,0,0,0,0,1,0,0,0,0,0,0,2,0,0
Bathydorus laevis pseudospinosus,images,0,0,0,1,0,0,0,0,0,0,0,0,46,0,0
Bathydorus laevis pseudospinosus,bboxes,0,0,0,4,0,0,0,0,0,0,0,0,108,0,0
Bathydorus laniger,images,0,0,0,0,0,0,0,0,0,0,0,0,14,0,0
Bathydorus laniger,bboxes,0,0,0,0,0,0,0,0,0,0,0,0,15,0,0
Bathydorus sp. 1,images,0,0,0,0,0,0,0,0,0,0,0,0,3,0,0
Bathydorus sp. 1,bboxes,0,0,0,0,0,0,0,0,0,0,0,0,3,0,0
Bolosominae,images,0,0,0,0,0,0,0,0,0,0,0,0,0,0,0
Bolosominae,bboxes,0,0,0,0,0,0,0,0,0,0,0,0,0,0,0
Caulophacus,images,0,0,0,0,0,0,0,0,0,0,1,0,3,0,0
Caulophacus,bboxes,0,0,0,0,0,0,0,0,0,0,1,0,4,0,0
Chonelasma,images,2,4,0,8,0,0,0,0,0,0,0,1,0,0,0
Chonelasma,bboxes,2,4,0,8,0,0,0,0,0,0,0,1,0,0,0
Chonelasmatinae sp. 1,images,0,0,0,1,0,0,0,0,0,1,0,0,0,0,0
Chonelasmatinae sp. 1,bboxes,0,0,0,1,0,0,0,0,0,1,0,0,0,0,0
Corbitellinae,images,0,0,0,0,0,0,2,0,0,0,0,0,0,0,0
Corbitellinae,bboxes,0,0,0,0,0,0,2,0,0,0,0,0,0,0,0
Dictyocalyx,images,0,0,0,0,0,0,0,0,0,0,0,0,0,0,0
Dictyocalyx,bboxes,0,0,0,0,0,0,0,0,0,0,0,0,0,0,0
Docosaccus maculatus,images,0,0,0,0,0,0,0,0,0,0,0,0,14,0,0
Docosaccus maculatus,bboxes,0,0,0,0,0,0,0,0,0,0,0,0,15,0,0
Euplectellidae,images,0,0,0,1,0,1,0,1,0,0,4,0,16,0,0
Euplectellidae,bboxes,0,0,0,2,0,1,0,1,0,0,4,0,16,0,0
Farrea,images,228,3,0,39,7,13,1,0,0,2,0,1,0,0,0
Farrea,bboxes,586,4,0,62,24,21,1,0,0,2,0,1,0,0,0
Farrea occa,images,0,11,0,22,1,0,0,0,0,3,0,0,0,0,0
Farrea occa,bboxes,0,26,0,43,1,0,0,0,0,5,0,0,0,0,0
Farrea truncata complex,images,0,0,0,1,0,0,0,0,0,0,0,0,0,0,0
Farrea truncata complex,bboxes,0,0,0,1,0,0,0,0,0,0,0,0,0,0,0
Farreidae,images,0,0,0,0,0,0,1,0,0,0,0,0,0,0,0
Farreidae,bboxes,0,0,0,0,0,0,1,0,0,0,0,0,0,0,0
Heterochone,images,0,0,0,1,0,0,0,0,0,0,0,0,0,0,0
Heterochone,bboxes,0,0,0,1,0,0,0,0,0,0,0,0,0,0,0
Heterochone calyx,images,3,1,0,86,3,0,0,0,0,21,1,0,0,0,0
Heterochone calyx,bboxes,4,1,0,196,3,0,0,0,0,36,1,0,0,0,0
Hexactinella,images,0,0,0,3,0,1,0,0,0,1,0,0,3,0,0
Hexactinella,bboxes,0,0,0,7,0,1,0,0,0,1,0,0,5,0,0
Hexactinellida,images,29,15,0,161,6,36,0,1,0,84,8,1,44,0,0
Hexactinellida,bboxes,55,38,0,300,11,79,0,1,0,148,8,2,59,0,0
Hexactinellida sp. 1,images,0,0,0,0,0,0,0,0,0,0,0,0,3,0,0
Hexactinellida sp. 1,bboxes,0,0,0,0,0,0,0,0,0,0,0,0,3,0,0
Hexactinellida sp. 2,images,0,0,0,0,0,0,0,0,0,0,0,0,3,0,0
Hexactinellida sp. 2,bboxes,0,0,0,0,0,0,0,0,0,0,0,0,3,0,0
Hexactinellida sp. 3,images,0,0,0,1,0,0,0,0,0,0,0,0,5,0,0
Hexactinellida sp. 3,bboxes,0,0,0,1,0,0,0,0,0,0,0,0,6,0,0
Hexactinellida sp. 4,images,0,0,0,3,0,0,0,0,0,1,0,0,0,0,0
Hexactinellida sp. 4,bboxes,0,0,0,5,0,0,0,0,0,1,0,0,0,0,0
Hexactinellida sp. 5,images,0,0,0,1,0,0,0,0,0,1,0,0,0,0,0
Hexactinellida sp. 5,bboxes,0,0,0,1,0,0,0,0,0,1,0,0,0,0,0
Hexactinellida sp. 6,images,0,0,0,8,0,0,0,0,0,7,0,0,0,0,0
Hexactinellida sp. 6,bboxes,0,0,0,8,0,0,0,0,0,7,0,0,0,0,0
Hyalonema,images,0,0,0,0,0,0,0,0,0,0,1,0,28,0,0
Hyalonema,bboxes,0,0,0,0,0,0,0,0,0,0,1,0,39,0,0
Hyalonema (Corynonema) populiferum,images,52,0,0,0,0,0,0,0,0,0,0,0,0,0,0
Hyalonema (Corynonema) populiferum,bboxes,55,0,0,0,0,0,0,0,0,0,0,0,0,0,0
Hyalonema (Oonema) bianchoratum,images,1,0,0,9,0,0,0,0,0,0,6,0,143,0,0
Hyalonema (Oonema) bianchoratum,bboxes,1,0,0,9,0,0,0,0,0,0,6,0,167,0,0
Hyalonema sp. 1,images,0,0,0,0,0,0,0,0,0,0,0,0,1,0,0
Hyalonema sp. 1,bboxes,0,0,0,0,0,0,0,0,0,0,0,0,2,0,0
Hyalonematidae,images,9,0,0,0,0,0,0,0,0,0,0,0,2,0,0
Hyalonematidae,bboxes,10,0,0,0,0,0,0,0,0,0,0,0,2,0,0
Lyssacinosida sp. 1,images,0,0,0,0,0,0,0,0,0,0,0,0,4,0,0
Lyssacinosida sp. 1,bboxes,0,0,0,0,0,0,0,0,0,0,0,0,5,0,0
Regadrella,images,0,0,0,0,0,0,4,2,0,0,2,0,0,0,1
Regadrella,bboxes,0,0,0,0,0,0,4,2,0,0,2,0,0,0,1
Rossellidae,images,0,0,0,2,0,0,1,0,0,0,1,0,5,0,0
Rossellidae,bboxes,0,0,0,5,0,0,1,0,0,0,2,0,10,0,0
Sclerothamnopsis,images,0,0,0,1,0,0,0,0,0,0,0,0,0,0,0
Sclerothamnopsis,bboxes,0,0,0,2,0,0,0,0,0,0,0,0,0,0,0
Staurocalyptus,images,3,7,0,63,0,42,0,0,0,2,0,0,0,0,0
Staurocalyptus,bboxes,3,21,0,158,0,191,0,0,0,3,0,0,0,0,0
Staurocalyptus solidus,images,7,2,0,27,0,0,0,0,0,0,0,0,0,0,0
Staurocalyptus solidus,bboxes,8,2,0,27,0,0,0,0,0,0,0,0,0,0,0
yellow ruffled sponge,images,0,1,0,1,0,0,0,0,0,0,0,0,0,0,0
yellow ruffled sponge,bboxes,0,1,0,1,0,0,0,0,0,0,0,0,0,0,0
Calyptrophora,images,0,0,0,0,0,1,0,0,0,0,2,0,0,0,0
Calyptrophora,bboxes,0,0,0,0,0,1,0,0,0,0,2,0,0,0,0
Chrysogorgia,images,0,6,0,10,0,14,0,0,0,1,4,0,0,0,0
Chrysogorgia,bboxes,0,8,0,12,0,17,0,0,0,1,4,0,0,0,0
Chrysogorgia monticola,images,8,13,0,13,0,0,0,0,0,0,2,0,0,0,0
Chrysogorgia monticola,bboxes,8,14,0,14,0,0,0,0,0,0,2,0,0,0,0
Chrysogorgia pinnata,images,1,7,0,8,0,1,0,4,0,1,5,0,0,0,4
Chrysogorgia pinnata,bboxes,1,8,0,9,0,2,0,4,0,1,5,0,0,0,4
Chrysogorgiidae,images,0,0,0,0,0,0,0,0,0,0,0,0,0,0,0
Chrysogorgiidae,bboxes,0,0,0,0,0,0,0,0,0,0,0,0,0,0,0
Iridogorgia,images,0,0,0,0,0,0,0,0,0,0,0,0,0,0,0
Iridogorgia,bboxes,0,0,0,0,0,0,0,0,0,0,0,0,0,0,0
Isidella,images,2,0,0,66,2,0,0,0,0,7,2,1,0,0,0
Isidella,bboxes,3,0,0,122,2,0,0,0,0,12,2,1,0,0,0
Isidella tentaculum,images,2,0,0,47,2,0,0,0,0,4,0,2,0,0,0
Isidella tentaculum,bboxes,3,0,0,60,2,0,0,0,0,4,0,3,0,0,0
Isididae,images,11,24,0,628,13,0,1,1,0,15,1,3,0,0,0
Isididae,bboxes,11,28,0,677,17,0,1,2,0,17,2,3,0,0,0
Keratoisis,images,38,153,0,1430,173,6,2,1,0,11,2,7,0,0,1
Keratoisis,bboxes,40,187,0,1757,225,6,2,1,0,11,2,7,0,0,1
Lepidisis,images,0,0,0,14,2,0,0,0,0,1,1,0,0,0,0
Lepidisis,bboxes,0,0,0,17,2,0,0,0,0,1,1,0,0,0,0
Parastenella,images,1,0,0,41,0,0,0,0,0,3,0,1,0,0,0
Parastenella,bboxes,3,0,0,97,0,0,0,0,0,3,0,3,0,0,0
Primnoidae,images,0,0,0,3,0,1,1,0,0,0,3,0,0,0,0
Primnoidae,bboxes,0,0,0,4,0,1,1,0,0,0,3,0,0,0,0
Acanthogorgia,images,0,3,0,8,0,1,5,0,0,0,0,0,0,0,0
Acanthogorgia,bboxes,0,5,0,14,0,1,5,0,0,0,0,0,0,0,0
Gorgoniidae,images,0,0,0,0,0,0,0,0,0,0,1,0,0,0,0
Gorgoniidae,bboxes,0,0,0,0,0,0,0,0,0,0,1,0,0,0,0
Leptogorgia,images,0,0,0,6,1,0,0,0,0,2,0,0,0,0,0
Leptogorgia,bboxes,0,0,0,13,2,0,0,0,0,7,0,0,0,0,0
Plexauridae,images,1,0,0,1,0,0,7,0,0,1,0,0,0,0,0
Plexauridae,bboxes,3,0,0,3,0,0,7,0,0,3,0,0,0,0,0
Swiftia,images,6,0,0,46,1,4,2,0,0,28,2,1,0,0,0
Swiftia,bboxes,11,0,0,108,2,14,2,0,0,68,3,1,0,0,0
Swiftia kofoidi,images,1,0,1,68,0,0,0,1,0,48,2,0,0,0,0
Swiftia kofoidi,bboxes,4,0,2,133,0,0,0,1,0,99,3,0,0,0,0
Swiftia simplex,images,8,0,7,89,1,0,0,0,0,84,10,0,0,0,0
Swiftia simplex,bboxes,13,0,15,370,1,0,0,0,0,364,21,0,0,0,0
Corallium,images,0,14,0,15,1,1,0,1,0,0,1,0,0,0,0
Corallium,bboxes,0,19,0,20,1,1,0,1,0,0,1,0,0,0,0
Paragorgia,images,1,3,0,81,5,1,0,0,0,52,2,0,0,0,0
Paragorgia,bboxes,2,4,0,161,5,1,0,0,0,109,2,0,0,0,0
Paragorgia arborea,images,24,328,0,1094,22,2,0,19,0,66,34,15,0,0,0
Paragorgia arborea,bboxes,28,388,0,1576,29,2,0,21,0,134,39,19,0,0,0
Paragorgiidae,images,10,2,0,38,0,0,0,0,0,32,0,3,0,0,0
Paragorgiidae,bboxes,18,2,0,61,0,0,0,0,0,52,0,4,0,0,0
Sibogagorgia,images,1,0,0,10,0,0,0,0,0,3,0,1,0,0,0
Sibogagorgia,bboxes,1,0,0,29,0,0,0,0,0,3,0,1,0,0,0
Sibogagorgia cauliflora,images,0,1,0,1,1,0,0,0,0,0,0,0,0,0,0
Sibogagorgia cauliflora,bboxes,0,1,0,1,1,0,0,0,0,0,0,0,0,0,0
Alcyoniidae,images,0,0,0,0,0,0,0,0,0,0,0,0,0,0,0
Alcyoniidae,bboxes,0,0,0,0,0,0,0,0,0,0,0,0,0,0,0
Bathyalcyon robustum,images,0,1,0,1,0,1,0,0,0,0,1,0,3,0,0
Bathyalcyon robustum,bboxes,0,1,0,1,0,1,0,0,0,0,1,0,4,0,0
Gersemia juliepackardae,images,9,0,2,51,12,35,0,0,0,37,4,4,0,0,0
Gersemia juliepackardae,bboxes,11,0,2,189,18,260,0,0,0,172,8,4,0,0,0
Heteropolypus,images,0,1,0,1,0,1,0,0,0,0,0,0,0,0,0
Heteropolypus,bboxes,0,6,0,6,0,1,0,0,0,0,0,0,0,0,0
Heteropolypus ritteri,images,22,6,11,274,15,20,1,1,0,204,24,7,0,0,0
Heteropolypus ritteri,bboxes,25,9,35,459,31,38,1,1,0,334,67,9,0,0,0
Clavularia,images,1,0,0,2,0,0,0,1,0,2,3,0,0,0,0
Clavularia,bboxes,1,0,0,29,0,0,0,11,0,29,16,0,0,0,0
Stolonifera,images,0,0,0,0,0,0,1,0,0,0,0,0,0,0,0
Stolonifera,bboxes,0,0,0,0,0,0,1,0,0,0,0,0,0,0,0
Acanthoptilum,images,0,0,0,163,0,0,0,0,1,159,1,0,0,0,0
Acanthoptilum,bboxes,0,0,0,369,0,0,0,0,9,363,1,0,0,0,0
Anthoptilum grandiflorum,images,2,0,0,15,0,0,0,0,3,15,0,0,0,0,0
Anthoptilum grandiflorum,bboxes,4,0,0,16,0,0,0,0,3,16,0,0,0,0,0
Anthoptilum lithophilum,images,1,0,0,0,0,0,0,0,0,0,0,1,0,0,0
Anthoptilum lithophilum,bboxes,9,0,0,0,0,0,0,0,0,0,0,9,0,0,0
Distichoptilum,images,0,0,0,1,0,0,0,0,0,1,0,0,0,0,0
Distichoptilum,bboxes,0,0,0,1,0,0,0,0,0,1,0,0,0,0,0
Distichoptilum gracile,images,0,0,0,2,0,0,0,0,0,0,1,0,0,0,0
Distichoptilum gracile,bboxes,0,0,0,2,0,0,0,0,0,0,1,0,0,0,0
Funiculina,images,5,0,3,346,0,0,0,0,174,319,10,0,0,0,0
Funiculina,bboxes,11,0,5,1623,0,0,0,0,1189,1587,19,0,0,0,0
Funiculina-Halipteris complex,images,8,0,1,58,0,0,0,0,0,56,1,0,0,0,0
Funiculina-Halipteris complex,bboxes,23,0,1,132,0,0,0,0,0,130,1,0,0,0,0
Halipteris californica,images,6,0,2,8,0,0,0,0,0,8,2,0,0,0,0
Halipteris californica,bboxes,15,0,11,15,0,0,0,0,0,15,11,0,0,0,0
Kophobelemnidae,images,0,0,0,1,0,1,0,0,0,0,0,0,0,0,0
Kophobelemnidae,bboxes,0,0,0,11,0,1,0,0,0,0,0,0,0,0,0
Kophobelemnon,images,0,0,0,3,0,0,0,0,0,0,0,0,0,0,0
Kophobelemnon,bboxes,0,0,0,5,0,0,0,0,0,0,0,0,0,0,0
Kophobelemnon sp. 1,images,0,0,0,4,0,0,0,0,0,3,1,0,0,0,0
Kophobelemnon sp. 1,bboxes,0,0,0,12,0,0,0,0,0,11,1,0,0,0,0
Pennatula,images,0,0,0,6,0,1,0,0,0,6,0,0,11,0,0
Pennatula,bboxes,0,0,0,18,0,1,0,0,0,18,0,0,11,0,0
Pennatula phosphorea,images,0,0,0,11,0,0,0,0,1,9,0,0,0,0,0
Pennatula phosphorea,bboxes,0,0,0,39,0,0,0,0,1,23,0,0,0,0,0
Pennatulacea,images,17,1,0,183,3,26,0,0,8,113,11,1,20,0,0
Pennatulacea,bboxes,40,1,0,393,5,64,0,0,19,259,25,1,21,0,0
Pennatulacea sp. 1,images,0,0,0,3,0,0,0,0,0,3,0,0,0,0,0
Pennatulacea sp. 1,bboxes,0,0,0,4,0,0,0,0,0,4,0,0,0,0,0
Pennatulidae,images,0,0,0,1,0,0,0,0,0,1,0,0,0,0,0
Pennatulidae,bboxes,0,0,0,1,0,0,0,0,0,1,0,0,0,0,0
Protoptilum,images,0,0,0,0,0,0,0,0,0,0,1,0,0,0,0
Protoptilum,bboxes,0,0,0,0,0,0,0,0,0,0,1,0,0,0,0
Protoptilum sp. 1,images,0,0,0,15,0,2,0,0,0,0,0,0,0,0,0
Protoptilum sp. 1,bboxes,0,0,0,26,0,19,0,0,0,0,0,0,0,0,0
Ptilosarcus,images,0,0,0,0,0,1,0,0,0,0,0,0,0,0,0
Ptilosarcus,bboxes,0,0,0,0,0,1,0,0,0,0,0,0,0,0,0
Ptilosarcus gurneyi,images,0,0,0,7,0,0,0,0,0,7,0,0,0,0,0
Ptilosarcus gurneyi,bboxes,0,0,0,9,0,0,0,0,0,9,0,0,0,0,0
Stylatula,images,0,0,0,1,0,0,0,0,0,1,0,0,0,0,0
Stylatula,bboxes,0,0,0,2,0,0,0,0,0,2,0,0,0,0,0
Umbellula,images,1,0,0,0,0,0,0,0,0,0,0,0,2,0,0
Umbellula,bboxes,1,0,0,0,0,0,0,0,0,0,0,0,2,0,0
Umbellula sp. 1,images,0,0,0,1,0,0,0,0,0,0,0,0,19,0,0
Umbellula sp. 1,bboxes,0,0,0,1,0,0,0,0,0,0,0,0,20,0,0
Umbellula sp. 2,images,8,0,0,432,0,7,0,0,164,367,3,0,0,0,0
Umbellula sp. 2,bboxes,9,0,0,747,0,7,0,0,424,672,3,0,0,0,0
Umbellulidae,images,0,0,0,0,0,0,0,0,0,0,0,0,1,0,0
Umbellulidae,bboxes,0,0,0,0,0,0,0,0,0,0,0,0,1,0,0
Virgularia,images,2,0,0,4,0,0,0,0,0,4,0,0,0,0,0
Virgularia,bboxes,3,0,0,6,0,0,0,0,0,6,0,0,0,0,0
Virgulariidae,images,0,0,0,5,0,0,0,0,0,4,0,0,0,0,0
Virgulariidae,bboxes,0,0,0,5,0,0,0,0,0,4,0,0,0,0,0
Desmophyllum,images,0,0,0,1,0,0,0,0,0,0,0,0,0,0,0
Desmophyllum,bboxes,0,0,0,1,0,0,0,0,0,0,0,0,0,0,0
Desmophyllum dianthus,images,0,0,0,2,0,0,0,0,0,2,0,0,0,0,0
Desmophyllum dianthus,bboxes,0,0,0,2,0,0,0,0,0,2,0,0,0,0,0
Fungiacyathus,images,0,0,0,0,0,0,0,0,0,0,0,0,1,0,0
Fungiacyathus,bboxes,0,0,0,0,0,0,0,0,0,0,0,0,1,0,0
Fungiacyathus (Bathyactis) marenzelleri,images,0,0,0,1,0,0,0,0,0,0,0,0,19,0,0
Fungiacyathus (Bathyactis) marenzelleri,bboxes,0,0,0,1,0,0,0,0,0,0,0,0,19,0,0
Scleractinia,images,0,1,0,9,1,4,0,0,0,0,1,0,3,0,0
Scleractinia,bboxes,0,1,0,46,1,21,0,0,0,0,2,0,3,0,0
Alternatipathes,images,0,1,0,3,0,1,0,0,0,1,1,0,1,0,0
Alternatipathes,bboxes,0,1,0,4,0,1,0,0,0,2,1,0,1,0,0
Antipatharia,images,0,1,0,2,0,0,0,0,0,0,0,0,0,0,0
Antipatharia,bboxes,0,1,0,2,0,0,0,0,0,0,0,0,0,0,0
Heteropathes,images,0,0,0,0,0,0,1,0,0,0,1,0,0,0,0
Heteropathes,bboxes,0,0,0,0,0,0,1,0,0,0,1,0,0,0,0
Lillipathes,images,0,0,0,7,0,0,2,0,0,0,0,0,0,0,0
Lillipathes,bboxes,0,0,0,8,0,0,3,0,0,0,0,0,0,0,0
Parantipathes,images,0,0,0,0,0,0,0,0,0,0,1,0,0,0,0
Parantipathes,bboxes,0,0,0,0,0,0,0,0,0,0,1,0,0,0,0
Schizopathidae,images,0,0,0,1,0,0,0,0,0,0,0,0,0,0,0
Schizopathidae,bboxes,0,0,0,1,0,0,0,0,0,0,0,0,0,0,0
Umbellapathes,images,0,0,0,0,0,0,0,0,0,0,0,0,0,0,0
Umbellapathes,bboxes,0,0,0,0,0,0,0,0,0,0,0,0,0,0,0
Brachyura,images,2,1,0,4,0,0,0,1,0,3,1,0,0,0,0
Brachyura,bboxes,2,1,0,6,0,0,0,1,0,5,1,0,0,0,0
Bythograea thermydron,images,0,0,0,0,0,0,0,0,0,0,0,0,0,0,0
Bythograea thermydron,bboxes,0,0,0,0,0,0,0,0,0,0,0,0,0,0,0
Cancridae,images,0,0,0,0,0,1,0,0,0,0,0,0,0,0,0
Cancridae,bboxes,0,0,0,0,0,1,0,0,0,0,0,0,0,0,0
Chionoecetes tanneri,images,78,0,70,824,7,0,0,1,103,616,151,1,0,0,0
Chionoecetes tanneri,bboxes,147,0,325,1310,7,0,0,1,143,883,433,1,0,0,0
Chorilia,images,0,0,0,23,0,0,0,0,1,5,0,0,0,0,0
Chorilia,bboxes,0,0,0,27,0,0,0,0,1,5,0,0,0,0,0
Chorilia longipes,images,13,0,0,50,0,0,0,0,4,25,0,1,0,0,0
Chorilia longipes,bboxes,15,0,0,63,0,0,0,0,4,30,0,1,0,0,0
Macroregonia macrochira,images,0,0,0,0,0,0,0,2,0,0,2,0,0,0,0
Macroregonia macrochira,bboxes,0,0,0,0,0,0,0,2,0,0,2,0,0,0,0
Majidae,images,3,0,0,5,0,0,0,0,0,3,0,0,0,0,0
Majidae,bboxes,3,0,0,8,0,0,0,0,0,5,0,0,0,0,0
Metacarcinus,images,0,0,0,0,0,0,0,0,0,0,0,0,0,0,0
Metacarcinus,bboxes,0,0,0,0,0,0,0,0,0,0,0,0,0,0,0
Metacarcinus magister,images,0,0,0,9,0,0,0,0,0,9,0,0,0,0,0
Metacarcinus magister,bboxes,0,0,0,9,0,0,0,0,0,9,0,0,0,0,0
Moloha faxoni,images,0,0,0,0,0,11,0,0,0,0,0,0,0,0,0
Moloha faxoni,bboxes,0,0,0,0,0,18,0,0,0,0,0,0,0,0,0
Lithodes couesi,images,0,0,0,4,0,0,0,0,0,2,0,0,0,0,0
Lithodes couesi,bboxes,0,0,0,5,0,0,0,0,0,3,0,0,0,0,0
Lithodidae,images,15,1,2,32,2,1,0,0,1,19,3,0,0,0,0
Lithodidae,bboxes,19,1,2,35,2,1,0,0,1,20,3,0,0,0,0
Lithodoidea,images,0,0,0,1,0,0,0,0,0,1,0,0,0,0,0
Lithodoidea,bboxes,0,0,0,1,0,0,0,0,0,1,0,0,0,0,0
Neolithodes diomedeae,images,0,0,0,14,0,0,0,0,0,13,0,0,0,0,0
Neolithodes diomedeae,bboxes,0,0,0,23,0,0,0,0,0,21,0,0,0,0,0
Paralithodes rathbuni,images,1,0,0,0,0,0,0,0,0,0,0,0,0,0,0
Paralithodes rathbuni,bboxes,1,0,0,0,0,0,0,0,0,0,0,0,0,0,0
Paralomis,images,14,2,2,61,0,5,0,0,1,26,5,0,0,0,0
Paralomis,bboxes,16,2,2,97,0,7,0,0,1,47,5,0,0,0,0
Paralomis cf. papillata,images,1,0,0,0,0,0,0,0,0,0,0,0,0,0,0
Paralomis cf. papillata,bboxes,1,0,0,0,0,0,0,0,0,0,0,0,0,0,0
Paralomis multispina,images,1,12,0,205,6,8,0,0,3,93,6,0,0,0,0
Paralomis multispina,bboxes,1,14,0,564,6,13,0,0,3,109,10,0,0,0,0
Paralomis verrilli,images,0,2,0,8,1,0,0,0,0,3,0,0,0,0,0
Paralomis verrilli,bboxes,0,2,0,9,3,0,0,0,0,4,0,0,0,0,0
Acanthephyra,images,0,0,0,21,0,27,0,0,0,6,10,0,0,0,0
Acanthephyra,bboxes,0,0,0,21,0,27,0,0,0,6,10,0,0,0,0
Caridea,images,48,5,1,58,0,49,0,0,0,37,7,2,0,0,0
Caridea,bboxes,78,11,1,113,0,91,0,0,0,78,8,2,0,0,0
Caridea sp. 2,images,0,0,0,0,0,1,0,0,0,0,0,0,0,0,0
Caridea sp. 2,bboxes,0,0,0,0,0,2,0,0,0,0,0,0,0,0,0
Eualus,images,0,0,0,1,0,0,0,0,0,1,0,0,0,0,0
Eualus,bboxes,0,0,0,1,0,0,0,0,0,1,0,0,0,0,0
Eualus macrophthalmus,images,0,0,0,28,0,0,0,0,0,26,1,0,0,0,0
Eualus macrophthalmus,bboxes,0,0,0,39,0,0,0,0,0,34,1,0,0,0,0
Glyphocrangon vicaria,images,0,0,0,0,0,9,0,0,0,0,0,0,0,0,0
Glyphocrangon vicaria,bboxes,0,0,0,0,0,9,0,0,0,0,0,0,0,0,0
Heterocarpus sp. 1,images,0,0,0,0,0,2,0,0,0,0,0,0,0,0,0
Heterocarpus sp. 1,bboxes,0,0,0,0,0,5,0,0,0,0,0,0,0,0,0
Pandalidae,images,21,5,0,13,1,3,0,0,1,6,0,0,0,0,0
Pandalidae,bboxes,45,7,0,17,1,5,0,0,1,8,0,0,0,0,0
Pandalopsis ampla,images,117,0,0,71,0,6,0,0,0,14,1,0,0,0,0
Pandalopsis ampla,bboxes,344,0,0,108,0,9,0,0,0,20,1,0,0,0,0
Pandalus,images,4,0,0,7,0,0,0,0,0,1,0,0,0,0,0
Pandalus,bboxes,6,0,0,9,0,0,0,0,0,1,0,0,0,0,0
Pandalus platyceros,images,7,0,0,78,0,0,0,0,0,78,0,0,0,0,0
Pandalus platyceros,bboxes,12,0,0,216,0,0,0,0,0,216,0,0,0,0,0
Pasiphaea,images,1,0,0,153,0,0,0,0,1,146,0,0,0,0,0
Pasiphaea,bboxes,1,0,0,157,0,0,0,0,1,150,0,0,0,0,0
Plesionika,images,0,0,0,1,0,2,1,0,0,1,0,0,0,0,0
Plesionika,bboxes,0,0,0,7,0,2,1,0,0,7,0,0,0,0,0
Plesionika sp. A,images,0,0,0,0,0,4,0,0,0,0,0,0,0,0,0
Plesionika sp. A,bboxes,0,0,0,0,0,4,0,0,0,0,0,0,0,0,0
Cerataspis monstrosus,images,0,0,0,0,0,1,0,0,0,0,0,0,2,0,0
Cerataspis monstrosus,bboxes,0,0,0,0,0,1,0,0,0,0,0,0,2,0,0
Eusergestes similis,images,2,1,0,706,0,3,0,0,1,643,25,0,1,0,0
Eusergestes similis,bboxes,2,1,0,733,0,3,0,0,1,670,27,0,1,0,0
Sergestidae,images,0,0,0,13,0,0,0,0,0,7,1,0,0,0,0
Sergestidae,bboxes,0,0,0,15,0,0,0,0,0,8,1,0,0,0,0
Sergestoidea,images,0,0,0,3,0,1,0,0,0,3,0,0,0,0,0
Sergestoidea,bboxes,0,0,0,3,0,1,0,0,0,3,0,0,0,0,0
Calocarides quinqueseriatus,images,0,0,0,0,0,1,0,0,0,0,0,0,0,0,0
Calocarides quinqueseriatus,bboxes,0,0,0,0,0,1,0,0,0,0,0,0,0,0,0
Chirostylidae,images,0,0,0,0,0,0,0,0,0,0,0,0,0,0,0
Chirostylidae,bboxes,0,0,0,0,0,0,0,0,0,0,0,0,0,0,0
Galatheidae,images,15,2,1,61,1,8,0,0,1,15,1,3,4,0,0
Galatheidae,bboxes,35,2,1,146,2,13,0,0,1,23,1,3,5,0,0
Galatheoidea,images,3,1,0,4,0,32,0,0,0,0,2,0,0,0,1
Galatheoidea,bboxes,7,1,0,6,0,80,0,0,0,0,2,0,0,0,1
Munida,images,2,0,0,9,1,3,0,0,0,1,0,0,0,0,0
Munida,bboxes,3,0,0,14,2,4,0,0,0,1,0,0,0,0,0
Munida bapensis,images,0,0,0,0,0,3,0,0,0,0,0,0,0,0,0
Munida bapensis,bboxes,0,0,0,0,0,3,0,0,0,0,0,0,0,0,0
Munida quadrispina,images,0,0,0,6,0,0,0,0,0,2,0,0,0,0,0
Munida quadrispina,bboxes,0,0,0,6,0,0,0,0,0,2,0,0,0,0,0
Munida sp. A,images,0,0,0,1,0,0,0,0,0,0,0,0,0,0,0
Munida sp. A,bboxes,0,0,0,1,0,0,0,0,0,0,0,0,0,0,0
Munididae,images,0,0,0,1,0,0,0,0,0,0,0,0,0,0,0
Munididae,bboxes,0,0,0,2,0,0,0,0,0,0,0,0,0,0,0
Munidopsidae,images,0,0,0,0,0,0,0,0,0,0,0,0,0,0,0
Munidopsidae,bboxes,0,0,0,0,0,0,0,0,0,0,0,0,0,0,0
Munidopsis,images,1,23,0,330,0,45,0,6,0,70,83,0,8,0,4
Munidopsis,bboxes,1,24,0,545,0,203,0,6,0,148,87,0,8,0,4
Munidopsis depressa,images,0,0,0,0,0,21,0,0,0,0,0,0,0,0,0
Munidopsis depressa,bboxes,0,0,0,0,0,23,0,0,0,0,0,0,0,0,0
Munidopsis kensmithi,images,0,0,0,5,0,0,0,0,0,0,0,0,57,0,0
Munidopsis kensmithi,bboxes,0,0,0,5,0,0,0,0,0,0,0,0,61,0,0
Munidopsis lignaria,images,0,0,0,0,0,0,0,0,0,0,1,0,0,0,0
Munidopsis lignaria,bboxes,0,0,0,0,0,0,0,0,0,0,1,0,0,0,0
Munidopsis recta,images,0,0,0,0,0,0,0,0,0,0,0,0,0,0,0
Munidopsis recta,bboxes,0,0,0,0,0,0,0,0,0,0,0,0,0,0,0
Munidopsis scotti,images,0,0,0,0,0,0,0,0,0,0,1,0,0,0,0
Munidopsis scotti,bboxes,0,0,0,0,0,0,0,0,0,0,1,0,0,0,0
Munidopsis sp. 1,images,0,0,0,0,0,20,0,0,0,0,0,0,0,0,0
Munidopsis sp. 1,bboxes,0,0,0,0,0,20,0,0,0,0,0,0,0,0,0
Pleuroncodes planipes,images,6,0,0,101,0,9,0,0,0,100,0,0,0,0,0
Pleuroncodes planipes,bboxes,7,0,0,136,0,9,0,0,0,135,0,0,0,0,0
Cirripedia,images,0,0,0,2,0,0,0,0,0,1,0,0,0,0,0
Cirripedia,bboxes,0,0,0,15,0,0,0,0,0,9,0,0,0,0,0
Scalpellidae,images,0,0,0,0,0,0,0,0,0,0,0,0,0,0,0
Scalpellidae,bboxes,0,0,0,0,0,0,0,0,0,0,0,0,0,0,0
Verum proximum,images,0,0,0,0,0,0,0,0,0,0,0,0,2,0,0
Verum proximum,bboxes,0,0,0,0,0,0,0,0,0,0,0,0,2,0,0
Colossendeidae,images,0,1,0,9,0,0,0,0,0,6,0,0,9,0,0
Colossendeidae,bboxes,0,1,0,9,0,0,0,0,0,6,0,0,9,0,0
Colossendeis,images,0,9,0,132,0,20,0,0,0,79,6,0,8,0,0
Colossendeis,bboxes,0,9,0,134,0,20,0,0,0,80,6,0,8,0,0
Pycnogonida,images,0,2,1,11,1,3,0,1,0,2,3,0,3,0,0
Pycnogonida,bboxes,0,2,2,12,1,3,0,3,0,2,6,0,3,0,0
Alciopidae,images,0,0,0,1,0,0,0,0,0,1,0,0,0,0,0
Alciopidae,bboxes,0,0,0,1,0,0,0,0,0,1,0,0,0,0,0
Anchinothria fissurata,images,0,0,0,0,0,1,0,0,0,0,0,0,0,0,0
Anchinothria fissurata,bboxes,0,0,0,0,0,1,0,0,0,0,0,0,0,0,0
Annelida,images,0,0,0,2,0,0,0,0,0,2,1,0,1,0,0
Annelida,bboxes,0,0,0,10,0,0,0,0,0,10,2,0,1,0,0
Biremis,images,0,0,0,0,0,1,0,0,0,0,0,0,0,0,0
Biremis,bboxes,0,0,0,0,0,1,0,0,0,0,0,0,0,0,0
Canalipalpata,images,0,0,0,0,0,0,0,0,0,0,0,0,0,0,0
Canalipalpata,bboxes,0,0,0,0,0,0,0,0,0,0,0,0,0,0,0
Chaetopterus pugaporcinus,images,0,0,0,1,0,0,0,0,0,1,0,0,0,0,0
Chaetopterus pugaporcinus,bboxes,0,0,0,1,0,0,0,0,0,1,0,0,0,0,0
Ctenophoricola,images,0,0,0,7,0,0,0,0,0,7,0,0,0,0,0
Ctenophoricola,bboxes,0,0,0,7,0,0,0,0,0,7,0,0,0,0,0
Echiura,images,0,1,0,6,0,0,0,0,0,2,0,0,7,0,0
Echiura,bboxes,0,1,0,8,0,0,0,0,0,4,0,0,9,0,0
Flabelligeridae,images,0,0,0,1,0,0,0,0,0,1,0,0,0,0,0
Flabelligeridae,bboxes,0,0,0,1,0,0,0,0,0,1,0,0,0,0,0
Harmothoe,images,0,0,0,1,0,0,0,0,0,1,0,0,0,0,0
Harmothoe,bboxes,0,0,0,1,0,0,0,0,0,1,0,0,0,0,0
Hirudinea,images,0,0,0,26,0,0,0,0,0,16,2,0,0,0,0
Hirudinea,bboxes,0,0,0,81,0,0,0,0,0,71,2,0,0,0,0
Lamellibrachia,images,0,0,0,13,0,0,0,0,0,13,0,0,0,0,0
Lamellibrachia,bboxes,0,0,0,28,0,0,0,0,0,28,0,0,0,0,0
Oasisia,images,0,0,0,0,0,1,0,0,0,0,0,0,0,0,0
Oasisia,bboxes,0,0,0,0,0,11,0,0,0,0,0,0,0,0,0
Osedax,images,0,0,0,4,0,0,0,0,0,4,0,0,0,0,0
Osedax,bboxes,0,0,0,26,0,0,0,0,0,26,0,0,0,0,0
Osedax frankpressi,images,0,0,0,22,0,0,0,0,0,22,0,0,0,0,0
Osedax frankpressi,bboxes,0,0,0,76,0,0,0,0,0,76,0,0,0,0,0
Paradiopatra,images,0,0,0,0,0,0,0,0,0,0,0,0,6,0,0
Paradiopatra,bboxes,0,0,0,0,0,0,0,0,0,0,0,0,11,0,0
Peinaleopolynoe orphanae,images,0,0,0,0,0,2,0,0,0,0,0,0,0,0,0
Peinaleopolynoe orphanae,bboxes,0,0,0,0,0,2,0,0,0,0,0,0,0,0,0
Phyllochaetopterus gigas,images,0,0,0,3,0,0,0,0,0,3,0,0,0,0,0
Phyllochaetopterus gigas,bboxes,0,0,0,9,0,0,0,0,0,9,0,0,0,0,0
Poeobius,images,0,0,0,72,0,0,0,0,0,44,1,0,0,0,0
Poeobius,bboxes,0,0,0,98,0,0,0,0,0,62,1,0,0,0,0
Poeobius meseres,images,10,18,0,748,0,85,0,0,1,546,36,0,0,0,0
Poeobius meseres,bboxes,10,18,0,787,0,85,0,0,1,560,36,0,0,0,0
Polychaeta,images,1,2,0,9,0,1,0,0,0,6,2,0,3,0,0
Polychaeta,bboxes,1,2,0,13,0,6,0,0,0,10,3,0,5,0,0
Polynoidae,images,2,0,0,5,0,5,1,0,0,1,0,0,5,0,0
Polynoidae,bboxes,2,0,0,5,0,7,3,0,0,1,0,0,5,0,0
Ridgeia,images,0,0,0,0,0,0,0,0,0,0,6,0,0,0,0
Ridgeia,bboxes,0,0,0,0,0,0,0,0,0,0,10,0,0,0,0
Riftia pachyptila,images,0,0,0,0,0,10,0,0,0,0,0,0,0,0,0
Riftia pachyptila,bboxes,0,0,0,0,0,37,0,0,0,0,0,0,0,0,0
Sabellida,images,0,0,0,2,0,1,0,1,0,1,2,0,0,0,0
Sabellida,bboxes,0,0,0,7,0,1,0,5,0,4,7,0,0,0,0
Sabellidae,images,2,0,0,7,0,0,0,0,0,5,0,0,1,0,0
Sabellidae,bboxes,3,0,0,28,0,0,0,0,0,24,0,0,1,0,0
Serpulidae,images,16,5,0,28,1,4,0,4,1,19,4,0,0,0,0
Serpulidae,bboxes,79,19,0,161,2,26,0,42,8,135,42,0,0,0,0
Siboglinidae,images,2,0,0,9,0,0,0,0,0,9,0,0,0,0,0
Siboglinidae,bboxes,3,0,0,27,0,0,0,0,0,27,0,0,0,0,0
Terebellidae,images,0,0,0,0,0,3,0,0,0,0,0,0,0,0,0
Terebellidae,bboxes,0,0,0,0,0,5,0,0,0,0,0,0,0,0,0
Tomopterid eggcase,images,0,0,0,7,0,0,0,0,0,2,0,0,0,0,0
Tomopterid eggcase,bboxes,0,0,0,7,0,0,0,0,0,2,0,0,0,0,0
Tomopteridae,images,0,0,0,12,0,0,0,0,0,7,1,0,0,0,0
Tomopteridae,bboxes,0,0,0,14,0,0,0,0,0,9,1,0,0,0,0
Tomopteris,images,5,34,0,1405,1,143,0,0,2,890,8,0,0,0,0
Tomopteris,bboxes,5,34,0,1430,1,175,0,0,2,903,8,0,0,0,0
Tomopteris nisseni,images,0,1,0,231,1,0,0,0,5,161,3,0,0,0,0
Tomopteris nisseni,bboxes,0,1,0,233,1,0,0,0,5,163,3,0,0,0,0
