,ca_borderland,davidson_seamount,eel_river,great_mb,gpg_seamounts,goc,hi,jdf,mars,mb,pac_nw,rqz_seamount,station_m,taney_seamount,vance_seamount
Actinauge verrillii,0,0,0,0,0,0,0,0,0,0,0,0,1,0,0
Actinernus,993,0,0,193,0,13,1,0,0,177,17,2,0,0,0
Actiniaria,1882,31,62,1368,37,86,5,1,109,993,156,3,6,0,0
Actiniidae,0,0,0,0,0,0,0,0,0,0,0,0,0,0,0
Actiniidae sp. 1,208,0,0,170,0,0,0,0,21,134,2,0,0,0,0
Actinoscyphia,0,0,0,0,0,0,0,0,0,0,2,0,0,0,0
Actinostolidae,18,0,0,14,0,0,0,0,2,10,1,0,0,0,0
Actinostoloidea,80,0,0,80,0,0,0,0,12,78,1,0,0,0,0
Bathyphellia,1,0,0,1,0,0,0,0,0,0,0,0,0,0,0
Bathyphellia australis,0,0,0,0,0,0,0,0,0,0,0,0,63,0,0
Bolocera,27,0,0,32,0,7,0,0,0,0,5,0,0,0,0
Bolocera kensmithi,2,1,0,8,0,0,0,0,0,0,19,0,25,0,0
Dofleinia,4,0,0,12,0,8,0,0,0,4,3,0,0,0,0
Exocoelactis,3,0,0,3,0,0,0,0,0,2,0,0,0,0,0
Hormathiidae,205,2,11,137,4,7,0,0,1,75,18,1,1,0,0
Hormathiidae sp. 1,90,0,1,85,0,0,0,0,33,83,1,0,2,0,0
Iosactis,0,0,0,0,0,9,0,0,0,0,0,0,0,0,0
Iosactis vagabunda,3,0,0,12,0,14,0,0,0,0,3,0,18,0,0
Isosicyonis,657,0,0,645,2,0,0,0,166,633,0,0,0,0,0
Liponema,34,0,0,29,0,0,0,0,0,29,0,0,0,0,0
Liponema brevicorne,815,12,4,596,2,19,3,0,2,430,18,5,8,0,0
Metridium farcimen,1075,0,0,805,0,0,0,0,0,781,0,0,0,0,0
Ostiactis pearseae,35,0,0,0,0,0,0,0,0,0,0,0,0,0,0
Sicyonis,15,0,0,15,0,1,0,0,0,9,9,0,0,0,0
Sicyonis careyi,1,0,0,1,0,0,0,0,0,0,0,0,0,0,0
Stomphia,27,0,5,27,2,0,1,0,3,27,6,0,0,0,0
Stomphia didemon,32,1,0,33,0,1,0,0,0,28,0,0,0,0,0
Urticina,10,0,0,10,0,0,0,0,0,10,0,0,0,0,0
Acanthurus xanthopterus,0,0,0,0,0,0,0,0,0,0,0,0,0,0,0
Actinopterygii,49,0,0,45,0,7,1,0,1,40,0,0,1,0,0
Agonidae,5,0,0,5,0,0,0,0,0,5,0,0,0,0,0
Albatrossia,1,0,0,1,0,0,0,0,0,0,0,0,0,0,0
Albatrossia pectoralis,2,0,0,2,0,1,0,0,0,1,2,0,0,0,0
Alepisaurus ferox,16,0,0,16,0,0,0,0,0,0,0,0,0,0,0
Alepocephalus tenebrosus,3,0,0,3,0,0,0,0,0,3,0,0,0,0,0
Anarrhichthys ocellatus,4,0,0,2,0,0,0,0,0,2,0,0,0,0,0
Anoplogaster cornuta,127,0,0,127,0,0,0,0,0,70,0,0,0,0,0
Anoplopoma fimbria,171,0,0,161,0,0,0,0,4,143,7,0,0,0,0
Anotopterus nikparini,31,0,0,46,0,0,0,0,0,18,0,0,0,0,0
Antimora microlepis,229,31,9,225,4,23,0,63,4,167,108,0,0,0,2
Aphyonidae,0,0,0,0,0,0,1,0,0,0,0,0,0,0,0
Apogon pacificus,0,0,0,0,0,0,0,0,0,0,0,0,0,0,0
Bathylagidae,9,0,0,9,0,0,0,0,0,7,0,0,0,0,0
Bathylagus,2,0,0,2,0,0,0,0,0,1,0,0,0,0,0
Bathypterois,0,0,0,0,0,1,0,0,0,0,0,0,0,0,0
Bathypterois grallator,0,0,0,0,0,0,5,0,0,0,0,0,0,0,0
Bathypterois pectinatus,0,0,0,0,0,139,0,0,0,0,0,0,0,0,0
Bathysaurus mollis,9,5,0,38,0,0,0,0,0,7,7,0,9,0,0
Benthalbella,6,0,0,6,0,0,0,0,0,6,0,0,0,0,0
Bodianus diplotaenia,0,0,0,0,0,0,0,0,0,0,0,0,0,0,0
Bregmaceros bathymaster,0,0,0,0,0,6,0,0,0,0,0,0,0,0,0
Careproctus,16,0,0,16,0,0,0,0,2,9,1,0,0,0,0
Careproctus kamikawai,2,1,0,3,0,0,0,0,0,1,0,0,0,0,0
Careproctus melanurus,32,0,0,31,0,0,0,0,7,28,0,0,0,0,0
Careproctus ovigerus,0,0,0,0,0,1,0,0,0,0,0,0,0,0,0
Cataetyx,2,0,0,2,0,22,0,0,0,1,1,0,0,0,0
Cetostoma regani,9,7,0,21,0,0,0,0,0,0,0,0,0,0,0
Chaenophryne,33,0,0,33,0,0,0,0,0,33,1,0,0,0,0
Chaetodon humeralis,0,0,0,0,0,0,0,0,0,0,0,0,0,0,0
Chaunacops coloratus,0,5,0,5,0,0,0,0,0,0,0,0,0,0,0
Cherublemma emmelas,0,0,0,0,0,48,0,0,0,0,0,0,0,0,0
Chilara taylori,2,0,0,2,0,0,0,0,0,2,0,0,0,0,0
Chromis limbaughi,0,0,0,0,0,0,0,0,0,0,0,0,0,0,0
Coelorinchus doryssus,0,0,0,0,0,0,7,0,0,0,0,0,0,0,0
Coelorinchus scaphopsis,0,0,0,0,0,113,0,0,0,0,0,0,0,0,0
Coelorinchus spilonotus,0,0,0,0,0,0,3,0,0,0,0,0,0,0,0
Coryphaenoides,235,13,1,235,10,23,0,41,1,85,88,0,11,0,2
Coryphaenoides acrolepis,213,3,4,214,2,0,0,19,6,115,28,0,0,0,0
Coryphaenoides acrolepis-filifer complex,16,0,0,16,0,0,0,0,2,7,0,0,0,0,0
Coryphaenoides armatus-leptolepis-yaquinae complex,53,0,0,59,0,0,0,0,0,14,1,0,1,0,0
Coryphaenoides armatus-yaquinae complex,11,1,0,14,0,2,0,0,0,1,0,0,7,0,0
Coryphaenoides capito,0,0,0,0,0,6,0,0,0,0,0,0,0,0,0
Coryphaenoides filifer,6,0,0,6,0,0,0,0,0,1,0,0,0,0,0
Coryphaenoides leptolepis,3,0,0,4,0,1,0,0,0,0,2,0,3,0,0
Cyclothone,0,0,0,0,0,1,0,0,0,0,0,0,0,0,0
Cyclothone pallida,0,0,0,1,0,0,0,0,0,0,0,0,0,0,0
Cyema atrum,0,0,0,0,0,0,0,0,0,0,0,0,0,0,0
Desmodema lorum,0,0,0,44,0,0,0,0,0,0,0,0,0,0,0
Dibranchus,0,0,0,0,0,2,0,0,0,0,0,0,0,0,0
Dibranchus hystrix,0,0,0,0,0,191,0,0,0,0,0,0,0,0,0
Dibranchus sp. A,0,0,0,0,0,42,0,0,0,0,0,0,0,0,0
Dibranchus spinosus,0,0,0,0,0,29,0,0,0,0,0,0,0,0,0
Epinephelus labriformis,0,0,0,0,0,0,0,0,0,0,0,0,0,0,0
Eretmichthys pinnatus,0,0,0,0,0,2,0,0,0,0,0,0,0,0,0
Gadella jordani,0,0,0,0,0,18,0,0,0,0,0,0,0,0,0
Gadomus melanopterus,0,0,0,0,0,0,1,0,0,0,0,0,0,0,0
Gigantactis gargantua,0,0,0,30,0,0,0,0,0,0,0,0,0,0,0
Gobiidae,1,0,0,1,0,0,0,0,0,1,0,0,0,0,0
Holacanthus passer,0,0,0,0,0,0,0,0,0,0,0,0,0,0,0
Hollardia,0,0,0,0,0,0,8,0,0,0,0,0,0,0,0
Icelinus,3,0,0,3,0,0,0,0,0,3,0,0,0,0,0
Icelinus filamentosus,11,0,0,11,0,0,0,0,0,11,0,0,0,0,0
Icichthys lockingtoni,114,0,0,123,0,0,0,0,0,96,0,0,0,0,0
Icosteus aenigmaticus,14,0,0,14,0,0,0,0,0,12,0,0,0,0,0
Johnrandallia nigrirostris,0,0,0,0,0,0,0,0,0,0,0,0,0,0,0
Kali kerberti,49,0,0,49,0,0,0,0,0,26,0,0,0,0,0
Lepidion,0,5,0,12,7,0,0,0,0,0,0,0,0,0,0
Liopropoma fasciatum,0,0,0,0,0,0,0,0,0,0,0,0,0,0,0
Liopropoma longilepis,0,0,0,0,0,11,0,0,0,0,0,0,0,0,0
Liparidae,5,0,0,7,0,3,0,0,0,3,0,0,0,0,0
Lophiiformes,0,0,0,0,0,1,0,0,0,0,0,0,0,0,0
Lophiodes caulinaris,0,0,0,0,0,31,0,0,0,0,0,0,0,0,0
Lophiodes miacanthus,0,0,0,0,0,21,6,0,0,0,0,0,0,0,0
Luciobrotula,1,0,0,2,1,0,0,0,0,0,2,0,0,0,0
Luciobrotula sp. A,1,1,0,2,0,0,0,0,0,1,0,0,0,0,0
Lumpenus sagitta,5,0,0,5,0,0,0,0,0,4,0,0,0,0,0
Lutjanus argentiventris,0,0,0,0,0,0,0,0,0,0,0,0,0,0,0
Lutjanus guttatus,0,0,0,0,0,0,0,0,0,0,0,0,0,0,0
Macropinna microstoma,42,17,0,122,0,0,0,0,0,42,0,0,0,0,0
Macrouridae,112,1,20,110,6,222,9,14,1,68,69,0,3,0,0
Macrourinae,1,0,0,1,1,0,0,0,0,0,0,0,0,0,0
Macrourinae sp. 2,1,0,0,1,0,0,0,0,0,0,0,0,0,0,0
Melanocetus,66,0,0,66,0,0,0,0,0,66,0,0,0,0,0
Merluccius productus,3385,2,1,3349,0,5,0,0,25,3238,1,0,0,0,0
Mola mola,172,0,0,171,0,0,0,0,0,157,0,0,0,0,0
Moridae,1,0,0,1,0,2,0,0,0,1,0,0,0,0,0
Myctophidae,21,0,0,22,0,0,0,0,0,21,0,0,0,0,0
Nezumia liolepis,1,0,0,1,0,2,0,0,0,0,0,0,0,0,0
Nezumia stelgidolepis,0,0,0,0,0,0,0,0,0,0,1,0,0,0,0
Oncorhynchus,3,0,0,3,0,0,0,0,0,3,0,0,0,0,0
Oneirodes acanthias,22,0,0,71,0,0,0,0,0,22,12,0,0,0,0
Ophidiidae,0,0,0,0,0,0,0,0,0,0,0,0,0,0,0
Ophiodon elongatus,17,0,0,12,0,0,0,0,0,12,0,0,0,0,0
Paralabrax auroguttatus,0,0,0,0,0,9,0,0,0,0,0,0,0,0,0
Paralepididae,2,0,0,2,0,0,0,0,0,1,0,0,0,0,0
Paraliparis,0,0,0,0,0,0,0,0,0,0,0,0,0,0,0
Paraliparis cephalus,21,0,0,18,0,0,0,0,0,10,0,0,0,0,0
Paraliparis sp. 1,0,0,0,0,0,0,0,0,0,0,0,0,1,0,0
Paranthias colonus,0,0,0,0,0,0,0,0,0,0,0,0,0,0,0
Parvilux,0,0,0,0,0,0,0,0,0,0,0,0,0,0,0
Physiculus,0,0,0,0,0,1,0,0,0,0,0,0,0,0,0
Physiculus nematopus,1,0,0,0,0,13,0,0,0,0,0,0,0,0,0
Physiculus nematopus-rastrelliger complex,0,0,0,0,0,57,0,0,0,0,0,0,0,0,0
Physiculus rastrelliger,0,0,0,0,0,110,0,0,0,0,0,0,0,0,0
Physiculus sp. 1,0,0,0,0,0,23,0,0,0,0,0,0,0,0,0
Physiculus sp. 2,0,0,0,0,0,0,0,0,0,0,0,0,0,0,0
Plectobranchus evides,2,0,0,2,0,0,0,0,0,2,0,0,0,0,0
Pontinus,0,0,0,0,0,4,0,0,0,0,0,0,0,0,0
Pontinus furcirhinus,0,0,0,0,0,6,0,0,0,0,0,0,0,0,0
Pontinus sierra,0,0,0,0,0,2,0,0,0,0,0,0,0,0,0
Porichthys mimeticus,0,0,0,0,0,10,0,0,0,0,0,0,0,0,0
Pristigenys serrula,0,0,0,0,0,0,0,0,0,0,0,0,0,0,0
Prognathodes falcifer,0,0,0,0,0,0,0,0,0,0,0,0,0,0,0
Pronotogrammus eos,0,0,0,0,0,10,0,0,0,0,0,0,0,0,0
Pseudobathylagus,0,0,0,0,0,0,0,0,0,0,0,0,0,0,0
Pseudobathylagus milleri,253,6,0,268,0,0,0,0,0,199,30,0,0,0,0
Psychrolutes phrictus,114,19,3,133,0,0,0,22,0,89,43,0,0,0,0
Psychrolutidae,0,0,0,0,0,1,0,0,0,0,0,0,0,0,0
Scopelarchus,0,0,0,0,0,45,0,0,0,0,0,0,0,0,0
Scorpaeniformes,1,0,0,1,0,0,0,0,0,1,0,0,0,0,0
Sebastes,615,0,0,580,0,55,0,0,0,510,1,0,0,0,0
Sebastes aleutianus-melanostictus complex,10,0,0,10,0,0,0,0,0,10,3,0,0,0,0
Sebastes auriculatus,1,0,0,1,0,0,0,0,0,1,0,0,0,0,0
Sebastes aurora,54,0,0,52,0,0,0,0,0,49,1,0,0,0,0
Sebastes babcocki,34,0,0,32,0,0,0,0,0,30,0,0,0,0,0
Sebastes borealis,0,0,0,0,0,0,0,0,0,0,0,0,0,0,0
Sebastes brevispinis,8,0,0,8,0,0,0,0,0,8,0,0,0,0,0
Sebastes caurinus,0,0,0,0,0,0,0,0,0,0,0,0,0,0,0
Sebastes chlorostictus,11,0,0,11,0,0,0,0,0,10,0,0,0,0,0
Sebastes cortezi,0,0,0,0,0,40,0,0,0,0,0,0,0,0,0
Sebastes crameri,5,0,0,5,0,0,0,0,0,5,0,0,0,0,0
Sebastes crameri-melanostomus complex,8,0,0,8,0,0,0,0,0,8,0,0,0,0,0
Sebastes diploproa,355,0,0,322,0,0,0,0,0,320,0,0,0,0,0
Sebastes elongatus,34,0,0,31,0,0,0,0,0,30,0,0,0,0,0
Sebastes ensifer,2,0,0,2,0,1,0,0,0,2,0,0,0,0,0
Sebastes entomelas,15,0,0,15,0,0,0,0,0,15,0,0,0,0,0
Sebastes flavidus,8,0,0,7,0,0,0,0,0,7,0,0,0,0,0
Sebastes goodei,7,0,0,7,0,0,0,0,0,7,0,0,0,0,0
Sebastes jordani,42,0,0,42,0,0,0,0,0,42,0,0,0,0,0
Sebastes levis,10,0,0,10,0,0,0,0,0,10,0,0,0,0,0
Sebastes macdonaldi,0,0,0,0,0,13,0,0,0,0,0,0,0,0,0
Sebastes maliger,1,0,0,1,0,0,0,0,0,1,0,0,0,0,0
Sebastes melanostomus,106,0,0,100,0,28,0,0,0,89,0,0,0,0,0
Sebastes miniatus,7,0,0,7,0,0,0,0,0,7,0,0,0,0,0
Sebastes miniatus-pinniger complex,4,0,0,4,0,0,0,0,0,4,0,0,0,0,0
Sebastes mystinus,4,0,0,4,0,0,0,0,0,4,0,0,0,0,0
Sebastes ovalis,5,0,0,5,0,0,0,0,0,5,0,0,0,0,0
Sebastes paucispinis,9,0,0,9,0,0,0,0,0,9,0,0,0,0,0
Sebastes phillipsi,4,0,0,2,0,0,0,0,0,2,0,0,0,0,0
Sebastes pinniger,6,0,0,6,0,0,0,0,0,6,0,0,0,0,0
Sebastes rosenblatti,1,0,0,1,0,0,0,0,0,1,0,0,0,0,0
Sebastes ruberrimus,37,0,0,36,0,0,0,0,0,30,0,0,0,0,0
Sebastes rubrivinctus,11,0,0,11,0,0,0,0,0,11,0,0,0,0,0
Sebastes rufus,16,0,0,16,0,0,0,0,0,16,0,0,0,0,0
Sebastes saxicola,33,0,0,32,0,0,0,0,0,32,0,0,0,0,0
Sebastes semicinctus,10,0,0,10,0,0,0,0,0,8,0,0,0,0,0
Sebastes serranoides,9,0,0,1,0,0,0,0,0,1,0,0,0,0,0
Sebastes simulator,2,0,0,2,0,0,0,0,0,2,0,0,0,0,0
Sebastes zacentrus,12,0,0,11,0,0,0,0,0,11,0,0,0,0,0
Sebastidae,8,0,0,6,0,0,0,0,0,5,0,0,0,0,0
Sebastolobinae,1,0,0,1,0,0,0,0,0,0,0,0,0,0,0
Sebastolobus,2661,3,21,2141,18,9,0,0,137,1483,145,10,0,0,0
Sebastolobus alascanus,34,0,0,34,0,0,0,0,0,27,0,0,0,0,0
Sebastolobus altivelis,82,0,0,77,0,0,0,0,4,51,0,0,0,0,0
Sebastomus complex,49,0,0,48,0,17,0,0,0,40,0,0,0,0,0
Seriola rivoliana,0,0,0,0,0,0,0,0,0,0,0,0,0,0,0
Serranus psittacinus,0,0,0,0,0,0,0,0,0,0,0,0,0,0,0
Spectrunculus grandis,2,0,0,2,0,0,0,0,0,2,0,0,0,0,0
Stegastes rectifraenum,0,0,0,0,0,0,0,0,0,0,0,0,0,0,0
Stenobrachius leucopsarus,4,0,0,4,0,0,0,0,0,4,0,0,0,0,0
Sternoptyx diaphana,1,0,0,1,0,0,0,0,0,1,0,0,0,0,0
Sufflamen verres,0,0,0,0,0,0,0,0,0,0,0,0,0,0,0
Synodus lacertinus,0,0,0,0,0,0,0,0,0,0,0,0,0,0,0
Tactostoma macropus,2,0,0,2,0,0,0,0,0,2,0,0,0,0,0
Tarletonbeania,0,0,0,0,0,0,0,0,0,0,0,0,0,0,0
Trachipterus altivelis,71,0,0,79,0,0,0,0,0,69,0,0,7,0,0
Xeneretmus,3,0,0,3,0,0,0,0,0,3,0,0,0,0,0
Xeneretmus latifrons,22,0,0,22,0,0,0,0,0,22,0,0,0,0,0
Zanclus cornutus,0,0,0,0,0,0,0,0,0,0,0,0,0,0,0
Zaniolepis frenata,1,0,0,1,0,0,0,0,0,1,0,0,0,0,0
Zaniolepis latipinnis,2,0,0,2,0,0,0,0,0,2,0,0,0,0,0
Anguilliformes,2,0,0,1,0,2,0,0,0,1,0,0,0,0,0
Bathycongrus macrurus,0,0,0,0,0,33,0,0,0,0,0,0,0,0,0
Gnathophis cinctus,0,0,0,0,0,14,0,0,0,0,0,0,0,0,0
Gymnothorax berndti,0,0,0,0,0,0,10,0,0,0,0,0,0,0,0
Leptocephalus-2,3,0,0,12,0,7,0,0,0,3,0,0,0,0,0
Muraena argus,0,0,0,0,0,0,0,0,0,0,0,0,0,0,0
Nemichthyidae,1,0,0,1,0,1,0,0,0,1,0,0,0,0,0
Nettastoma parviceps,10,5,0,14,0,17,0,0,0,0,0,0,0,0,0
Ophichthus frontalis,0,0,0,0,0,10,0,0,0,0,0,0,0,0,0
Serrivomer,2,0,0,0,0,0,0,0,0,0,0,0,0,0,0
Synaphobranchidae,9,8,0,10,1,0,1,0,0,0,0,0,0,0,0
Eptatretus,220,0,1,187,0,1,0,0,24,167,8,0,0,0,0
Eptatretus sinus,0,0,0,0,0,1,0,0,0,0,0,0,0,0,0
Bothrocara brunneum,7,0,0,7,0,0,0,0,2,6,0,0,0,0,0
Eucryphycus californicus,2,0,0,2,0,0,0,0,0,2,0,0,0,0,0
Lycenchelys,173,2,2,171,2,65,0,0,9,137,15,0,0,0,0
Lycenchelys crotalinus,32,0,0,31,0,0,0,0,7,27,5,0,0,0,0
Lycenchelys sp. 1,12,0,0,12,0,0,0,0,1,12,0,0,0,0,0
Lycodapus,6,0,0,6,0,0,0,0,1,5,1,0,0,0,0
Lycodapus fierasfer,30,0,1,28,0,2,0,0,2,22,21,0,0,0,0
Lycodapus mandibularis,1,0,0,1,0,0,0,0,0,0,0,0,0,0,0
Lycodes,18,0,0,18,0,0,0,0,0,16,0,0,0,0,0
Lycodes brevipes,4,0,0,4,0,0,0,0,0,4,0,0,0,0,0
Lycodes cortezianus,113,0,0,98,0,0,0,0,0,96,0,0,0,0,0
Lycodes diapterus,170,0,0,160,0,0,0,0,1,158,1,0,0,0,0
Lycodes pacificus,14,0,0,14,0,0,0,0,0,14,0,0,0,0,0
Lycodinae,8,0,0,6,0,0,0,0,0,6,0,0,0,0,0
Melanostigma pammelas,1,0,0,1,0,0,0,0,0,1,0,0,0,0,0
Pachycara,3,1,0,3,0,0,0,0,0,1,0,0,0,0,0
Pachycara bulbiceps,19,3,0,22,0,0,0,0,0,17,0,0,0,0,0
Thermarces cerberus,0,0,0,0,0,3,0,0,0,0,0,0,0,0,0
Zoarcidae,7,2,0,10,0,4,0,0,0,5,0,0,0,0,0
Aeolidiidae sp. 1,2,0,0,2,0,0,0,0,0,2,0,0,0,0,0
Akoya,2,0,0,0,0,0,0,0,0,0,0,0,0,0,0
Akoya platinum,27,0,0,24,0,0,0,0,2,18,0,0,0,0,0
Bathybembix,21,0,0,21,0,0,0,0,11,21,0,0,0,0,0
Bathydoris aioca,0,0,0,0,0,0,0,0,0,0,1,0,0,0,0
Buccinidae,11,0,0,11,0,0,0,0,0,11,0,0,0,0,0
Caenogastropoda,33,0,0,33,0,0,0,0,0,33,0,0,0,0,0
Calliostoma,48,0,0,29,0,0,0,0,0,20,0,0,0,0,0
Carinaria japonica,0,0,0,0,0,0,0,0,0,0,0,0,0,0,0
Clio,2,0,0,2,0,0,0,0,0,2,0,0,0,0,0
Corolla spectabilis,3,0,0,3,0,0,0,0,0,1,0,0,2,0,0
Dendronotus patricki,2,0,0,2,0,0,0,0,0,2,0,0,0,0,0
Gastropoda,571,1,3,452,1,34,0,0,76,402,6,0,0,0,0
Heterobranchia,1,0,0,1,0,0,0,0,0,0,0,0,0,0,0
Neogastropoda,2,0,0,2,0,0,0,0,0,2,0,0,0,0,0
Neptunea,193,0,28,179,1,0,0,0,20,174,32,0,0,0,0
Neptunea amianta,3,0,0,3,0,0,0,0,0,3,0,0,0,0,0
Neptunea-Buccinum Complex,196,7,5,185,0,0,0,0,6,137,8,0,0,0,0
Nudibranchia,1,0,0,1,0,0,0,0,0,1,0,0,0,0,0
Patellogastropoda,2,1,0,2,0,0,0,2,0,0,2,0,0,0,0
Pleurobranchaea,1,0,0,0,0,0,0,0,0,0,0,0,0,0,0
Pleurobranchaea californica,26,0,0,26,0,0,0,0,0,26,0,0,0,0,0
Provannidae,38,0,0,38,0,0,0,0,0,38,0,0,0,0,0
Pteropoda,38,7,0,34,0,53,0,0,0,21,1,0,3,0,0
Retimohnia sp. A,10,0,0,10,0,0,0,0,0,0,0,0,0,0,0
Rubyspira,6,0,0,6,0,0,0,0,0,6,0,0,0,0,0
Rubyspira osteovora,19,0,0,19,0,0,0,0,0,19,0,0,0,0,0
Tenebrincola cukri,0,0,0,0,0,0,0,0,0,0,0,0,1,0,0
Thecosomata,4,0,0,4,0,0,0,0,0,0,0,0,0,0,0
Thliptodon,9,11,0,23,0,0,0,0,0,2,0,0,0,0,0
Tritonia,4,0,0,4,0,0,0,0,0,2,0,0,0,0,0
Tritonia tetraquetra,23,0,0,23,0,0,0,0,1,15,0,0,0,0,0
Ziminella vrijenhoeki,2,0,0,2,0,0,0,0,0,2,0,0,0,0,0
Asteriidae,2,0,0,2,0,0,0,0,0,2,0,0,0,0,0
Asteroidea,1152,15,3,895,9,30,0,8,0,670,42,0,0,0,1
Asteroidea sp. 1,6,0,0,6,0,0,0,0,0,6,0,0,0,0,0
Asthenactis,6,0,0,5,0,0,0,0,0,0,0,0,0,0,0
Asthenactis fisheri,77,1,0,74,13,0,0,1,0,7,2,2,0,0,0
Asthenactis papyraceus,0,0,0,0,0,0,9,0,0,0,1,0,0,0,0
Astropecten,1,0,0,1,0,0,0,0,0,1,0,0,0,0,0
Benthopecten,8,0,0,1,0,0,0,0,0,1,0,0,0,0,0
Benthopecten claviger,4,0,0,0,0,0,0,0,0,0,0,0,0,0,0
Benthopectinidae,3,0,0,0,0,0,0,0,0,0,0,0,0,0,0
Ceramaster,4,0,0,2,0,0,0,0,0,1,0,0,0,0,0
Crossaster,8,0,0,6,0,0,0,0,0,4,0,0,0,0,0
Crossaster borealis,194,0,0,174,16,0,0,5,34,111,7,0,0,0,0
Dipsacaster,4,0,0,4,0,0,0,0,0,0,0,0,0,0,0
Dipsacaster eximius,1,0,0,1,0,2,0,0,0,1,0,0,0,0,0
Dytaster gilberti,0,0,0,0,0,0,0,0,0,0,0,0,2,0,0
Forcipulatacea,2,0,0,2,0,0,0,0,0,2,0,0,0,0,0
Forcipulatida,2,0,0,2,0,0,0,0,0,2,0,0,0,0,0
Goniasteridae,11,0,0,10,0,0,0,0,0,4,1,0,0,0,0
Henricia,8,1,0,9,0,0,0,0,0,4,0,0,0,0,0
Heterozonias alternatus,4,0,0,4,0,0,0,0,0,0,0,0,0,0,0
Hippasteria,100,0,0,100,0,1,0,0,4,59,3,0,0,0,1
Hippasteria californica,12,0,0,12,0,0,0,0,0,9,0,0,0,0,0
Hippasteria lepidonotus,8,0,0,8,0,0,0,0,0,2,0,0,0,0,0
Hymenaster,84,4,0,86,0,15,1,3,0,8,42,0,5,0,0
Hymenaster koehleri,3,6,0,7,0,0,0,0,0,0,1,0,0,0,0
Lophaster,105,0,0,107,18,0,0,0,0,105,2,0,0,0,0
Lophaster furcilliger,20,0,0,20,0,0,0,0,0,20,0,0,0,0,0
Luidia foliolata,86,0,0,84,0,0,0,0,0,84,0,0,0,0,0
Mediaster,86,0,0,86,0,0,0,0,0,86,0,0,0,0,0
Mediaster aequalis,192,0,0,190,0,0,0,0,0,188,0,0,0,0,0
Mediaster tenellus,1,0,0,1,0,0,0,0,0,1,0,0,0,0,0
Myxoderma,35,0,0,25,0,0,0,0,0,12,0,0,0,0,0
Myxoderma platyacanthum,60,0,0,59,0,0,0,0,0,52,0,0,0,0,0
Myxoderma sacculatum,18,0,0,5,0,0,0,0,0,0,0,0,0,0,0
Patiria miniata,6,0,0,6,0,0,0,0,0,0,0,0,0,0,0
Paulasterias mcclaini,0,0,0,0,0,0,0,1,0,0,1,0,0,0,0
Paxillosida,0,0,0,0,0,0,0,0,0,0,0,0,0,0,0
Peribolaster biserialis,4,0,0,0,0,0,0,0,0,0,0,0,0,0,0
Poraniopsis,12,0,0,5,0,0,0,0,0,5,0,0,0,0,0
Poraniopsis inflata,14,0,0,4,0,0,0,0,0,4,0,0,0,0,0
Pteraster,124,30,0,144,2,18,2,17,2,58,34,0,0,0,2
Pterasteridae,138,1,1,95,0,25,0,8,0,50,13,0,0,0,0
Pycnopodia helianthoides,4,0,0,4,0,0,0,0,0,4,0,0,0,0,0
Pythonaster,1,1,0,1,0,14,0,0,0,0,0,0,0,0,0
Pythonaster pacificus,0,0,0,0,0,0,0,0,0,0,0,0,13,0,0
Rathbunaster,16,0,0,16,0,0,0,0,0,16,1,0,0,0,0
Rathbunaster californicus,1856,0,12,1793,0,0,0,0,3,1775,21,0,0,0,0
Solaster,36,1,1,35,4,2,0,1,3,20,2,0,0,0,0
Solaster hypothrissus,22,1,0,22,16,0,0,1,0,3,1,0,0,0,1
Solasteridae,95,7,8,95,1,4,1,4,5,49,23,1,1,0,1
Stylasterias,2,0,0,2,0,0,0,0,0,2,0,0,0,0,0
Stylasterias forreri,140,0,2,136,0,0,0,0,0,136,2,0,0,0,0
Thrissacanthias penicillatus,4,0,0,4,0,0,0,0,0,2,0,0,0,0,0
Valvatida,0,0,0,0,0,0,0,0,0,0,0,0,0,0,0
Zoroaster spinulosus,0,0,0,0,0,0,0,1,0,0,1,0,0,0,0
Zoroasteridae,3,0,0,3,0,0,0,1,0,3,1,0,0,0,0
Antedonidae,23,0,0,23,0,0,0,0,0,0,0,0,0,0,0
Antedonoidea,36,13,0,47,2,0,0,0,0,3,0,0,0,0,0
Antedonoidea sp. 1,13,0,0,13,0,0,0,0,0,7,0,0,0,0,0
Articulata,0,2,0,2,0,2,0,0,0,0,1,0,0,0,0
Bathycrinidae,0,0,0,0,0,0,0,0,0,0,4,0,1,0,0
Bathycrinus complanatus,0,0,0,0,0,0,0,0,0,0,0,0,4,0,0
Bathymetrinae,11,0,0,11,0,0,0,0,0,0,0,0,0,0,0
Comatulida,59,0,0,61,4,0,0,5,0,33,5,0,0,0,0
Crinoidea,115,17,0,121,1,6,1,3,0,25,9,2,22,0,0
Fariometra,1,0,0,1,0,0,0,0,0,0,0,0,0,0,0
Fariometra parvula,12,0,0,12,0,0,0,0,0,0,0,0,10,0,0
Florometra serratissima,435,0,0,429,25,6,0,2,0,386,3,0,0,0,0
Hyocrinida,2,2,0,2,0,0,0,0,0,0,1,0,1,0,0
Hyocrinidae,2,1,0,2,0,0,0,0,0,1,0,0,0,0,0
Pentametrocrinus paucispinulus,0,0,0,1,1,0,0,0,0,0,0,0,0,0,0
Psathyrometra,1,0,0,1,0,0,0,0,0,1,0,0,0,0,0
Psathyrometra fragilis,178,0,0,178,78,9,0,2,0,159,5,0,0,0,0
Tonrometra,4,0,0,4,0,0,0,0,0,3,0,0,0,0,0
Abyssocucumis abyssorum,39,8,0,149,0,30,0,0,0,14,15,0,254,0,0
Apostichopus,26,0,0,24,0,0,0,0,0,24,0,0,0,0,0
Apostichopus californicus,1,0,0,1,0,0,0,0,0,1,0,0,0,0,0
Apostichopus leukothele,237,0,0,214,0,1,0,0,0,211,0,0,0,0,0
Benthodytes,1,0,0,1,0,0,0,0,0,0,0,0,0,0,0
Benthodytes sp. 1,1,0,0,0,0,2,0,0,0,0,0,0,0,0,0
Benthothuria,2,0,0,2,0,0,0,0,0,0,4,0,0,0,0
Elpidia,0,0,0,0,0,4,0,0,0,0,0,0,332,0,0
Elpidia sp. A,0,0,0,0,0,0,0,0,0,0,0,0,279,0,0
Holothuria (Vaneyothuria) zacae,0,0,0,0,0,1,0,0,0,0,0,0,0,0,0
Holothuroidea,144,18,12,137,1,57,0,10,0,29,38,0,65,0,0
Holothuroidea sp. 3,0,0,0,0,0,13,0,0,0,0,0,0,0,0,0
Holothuroidea sp. 4,1,0,0,1,0,0,0,0,0,0,0,0,1,0,0
Holothuroidea sp. 6,0,0,0,0,0,0,0,0,0,0,0,0,1,0,0
Laetmogone,10,0,0,10,0,0,0,2,0,10,2,0,0,0,0
Laetmogone wyvillethomsoni,0,0,0,0,0,0,0,0,0,0,1,0,0,0,0
Laetmogonidae,3,7,0,7,0,0,0,0,0,0,0,0,0,0,0
Oneirophanta,0,3,0,3,0,0,0,0,0,0,0,0,1,0,0
Oneirophanta mutabilis complex,1,1,0,2,0,5,0,0,0,0,13,0,116,0,0
Paelopatides,0,0,0,0,0,7,3,1,0,0,1,0,0,0,0
Paelopatides confundens,91,12,10,124,0,172,2,0,0,47,106,0,71,0,0
Pannychia,82,0,0,54,0,22,0,10,0,33,12,2,0,0,0
Pannychia moseleyi,982,0,5,680,9,75,0,19,0,545,56,10,0,0,0
Pannychia sp. 1,16,0,0,14,0,0,0,0,0,6,0,0,0,0,0
Peniagone,104,16,17,170,0,100,0,22,0,20,90,0,156,0,2
Peniagone gracilis,1,0,0,1,0,0,0,0,0,0,0,0,521,0,0
Peniagone papillata,0,0,0,0,0,0,0,0,0,0,2,0,190,0,0
Peniagone sp. 1,0,0,0,1,0,0,0,0,0,0,0,0,554,0,0
Peniagone sp. 2,5,1,0,6,0,0,0,0,0,0,0,0,167,0,0
Peniagone sp. A,81,1,0,105,0,0,0,0,0,0,0,0,1086,0,0
Peniagone vitrea,1,0,0,1,0,0,0,0,0,0,0,0,269,0,0
Peniagone vitrea- sp. 1 complex,1,0,0,1,0,0,0,0,0,0,0,0,235,0,0
Pseudostichopus mollis,1,0,0,1,0,1,0,0,0,0,0,0,11,0,0
Psolidae,2,0,0,2,0,10,0,0,0,2,0,0,0,0,0
Psolus,7,0,0,5,0,0,0,0,0,5,0,0,0,0,0
Psolus squamatus,2149,0,1,2136,15,13,0,0,0,1792,4,4,0,0,0
Psychronaetes,0,0,0,0,0,1,0,0,0,0,0,0,0,0,0
Psychropotes depressa,0,0,0,0,0,0,0,0,0,0,0,0,3,0,0
Psychropotes sp. 1,4,0,1,11,0,8,0,0,0,0,8,0,68,0,0
Psychropotidae,0,0,0,0,0,0,0,0,0,0,0,0,1,0,0
Scotoplanes,52,0,0,71,0,5,0,0,0,17,0,0,6,0,0
Scotoplanes clarki,4,0,0,4,0,8,0,0,0,0,0,0,0,0,0
Scotoplanes globosa,291,3,2,433,0,0,0,0,0,109,9,0,774,0,0
Scotoplanes sp. A,456,0,4,452,0,0,0,0,0,396,6,0,0,0,0
Synallactes,4,3,0,4,0,2,0,44,0,0,50,0,1,0,0
Synallactidae,36,5,0,64,1,6,0,9,0,3,37,0,19,0,0
Synallactidae gen. et sp. indet.,20,3,0,42,0,0,0,0,0,2,0,0,115,0,0
Aporocidaris milleri,0,0,0,12,0,4,0,0,0,0,0,0,0,0,0
Brisaster,19,0,0,0,0,0,0,0,0,0,0,0,0,0,0
Cystechinus giganteus,0,0,0,0,0,0,0,21,0,0,21,0,0,0,0
Cystechinus loveni,2,2,0,10,0,0,0,0,0,0,2,0,58,0,0
Cystocrepis setigera,0,0,0,33,0,8,0,0,0,0,5,0,63,0,0
Echinidea,1,0,0,1,0,0,0,0,0,0,0,0,0,0,0
Echinocrepis rostrata,0,0,0,5,0,0,0,0,0,0,1,0,99,0,0
Echinoidea,12,2,0,9,0,1,0,0,0,4,0,1,1,0,0
Echinothuriidae,1,0,0,1,0,0,0,0,0,0,0,0,0,0,0
Strongylocentrotus,17,0,0,17,0,6,0,0,0,7,0,0,0,0,0
Strongylocentrotus fragilis,13734,0,4,12870,1,0,0,0,19,12572,18,0,0,0,0
Tromikosoma,0,0,0,1,0,0,0,0,0,0,0,0,0,0,0
Tromikosoma panamense,11,2,0,12,1,1,0,0,0,0,3,0,0,0,0
Acanthascinae,71,0,0,71,0,1,0,1,0,29,2,0,0,0,1
Acanthascinae sp. 1-4 complex,13,0,0,10,0,1,0,0,0,3,0,0,0,0,0
Acanthascinae sp. 2,7,0,0,7,0,0,0,0,0,7,0,0,0,0,0
Acanthascinae sp. 4,2,0,0,2,0,0,0,0,0,0,0,0,0,0,0
Bathydorus,0,0,0,0,0,1,0,0,0,0,0,0,2,0,0
Bathydorus laevis pseudospinosus,0,0,0,4,0,0,0,0,0,0,0,0,108,0,0
Bathydorus laniger,0,0,0,0,0,0,0,0,0,0,0,0,15,0,0
Bathydorus sp. 1,0,0,0,0,0,0,0,0,0,0,0,0,3,0,0
Bolosominae,0,0,0,0,0,0,0,0,0,0,0,0,0,0,0
Caulophacus,0,0,0,0,0,0,0,0,0,0,1,0,2,0,0
Chonelasma,6,4,0,8,0,0,0,0,0,0,0,1,0,0,0
Chonelasmatinae sp. 1,1,0,0,1,0,0,0,0,0,1,0,0,0,0,0
Corbitellinae,0,0,0,0,0,0,0,0,0,0,0,0,0,0,0
Dictyocalyx,0,0,0,0,0,0,0,0,0,0,0,0,0,0,0
Docosaccus maculatus,0,0,0,0,0,0,0,0,0,0,0,0,14,0,0
Euplectellidae,0,0,0,0,0,1,0,1,0,0,4,0,16,0,0
Farrea,629,3,0,57,24,21,0,0,0,2,0,1,0,0,0
Farrea occa,17,26,0,43,1,0,0,0,0,5,0,0,0,0,0
Farrea truncata complex,1,0,0,1,0,0,0,0,0,0,0,0,0,0,0
Farreidae,0,0,0,0,0,0,0,0,0,0,0,0,0,0,0
Heterochone,1,0,0,1,0,0,0,0,0,0,0,0,0,0,0
Heterochone calyx,194,1,0,193,3,0,0,0,0,36,1,0,0,0,0
Hexactinella,7,0,0,7,0,1,0,0,0,1,0,0,5,0,0
Hexactinellida,310,39,0,292,11,79,0,1,0,144,8,2,56,0,0
Hexactinellida sp. 1,0,0,0,0,0,0,0,0,0,0,0,0,3,0,0
Hexactinellida sp. 2,0,0,0,0,0,0,0,0,0,0,0,0,3,0,0
Hexactinellida sp. 3,0,0,0,1,0,0,0,0,0,0,0,0,6,0,0
Hexactinellida sp. 4,2,0,0,2,0,0,0,0,0,1,0,0,0,0,0
Hexactinellida sp. 5,1,0,0,1,0,0,0,0,0,1,0,0,0,0,0
Hexactinellida sp. 6,8,0,0,8,0,0,0,0,0,7,0,0,0,0,0
Hyalonema,0,0,0,0,0,0,0,0,0,0,1,0,33,0,0
Hyalonema (Corynonema) populiferum,55,0,0,0,0,0,0,0,0,0,0,0,0,0,0
Hyalonema (Oonema) bianchoratum,1,0,0,9,0,0,0,0,0,0,6,0,164,0,0
Hyalonema sp. 1,0,0,0,0,0,0,0,0,0,0,0,0,2,0,0
Hyalonematidae,10,0,0,0,0,0,0,0,0,0,0,0,2,0,0
Lyssacinosida sp. 1,0,0,0,0,0,0,0,0,0,0,0,0,5,0,0
Regadrella,0,0,0,0,0,0,0,2,0,0,2,0,0,0,1
Rossellidae,1,0,0,5,0,0,0,0,0,0,2,0,10,0,0
Sclerothamnopsis,2,0,0,2,0,0,0,0,0,0,0,0,0,0,0
Staurocalyptus,121,21,0,139,0,191,0,0,0,3,0,0,0,0,0
Staurocalyptus solidus,33,2,0,27,0,0,0,0,0,0,0,0,0,0,0
yellow ruffled sponge,0,1,0,1,0,0,0,0,0,0,0,0,0,0,0
Calyptrophora,0,0,0,0,0,1,0,0,0,0,2,0,0,0,0
Chrysogorgia,5,8,0,12,0,17,0,0,0,1,4,0,0,0,0
Chrysogorgia monticola,17,14,0,14,0,0,0,0,0,0,2,0,0,0,0
Chrysogorgia pinnata,2,8,0,9,0,2,0,4,0,1,5,0,0,0,4
Chrysogorgiidae,0,0,0,0,0,0,0,0,0,0,0,0,0,0,0
Iridogorgia,0,0,0,0,0,0,0,0,0,0,0,0,0,0,0
Isidella,120,0,0,117,2,0,0,0,0,12,2,1,0,0,0
Isidella tentaculum,60,0,0,60,2,0,0,0,0,4,0,0,0,0,0
Isididae,645,28,0,675,17,0,0,2,0,17,2,3,0,0,0
Keratoisis,1440,187,0,1750,225,6,0,1,0,11,2,7,0,0,1
Lepidisis,15,0,0,15,2,0,0,0,0,1,1,0,0,0,0
Parastenella,93,0,0,90,0,0,0,0,0,3,0,3,0,0,0
Primnoidae,4,0,0,4,0,1,0,0,0,0,3,0,0,0,0
Acanthogorgia,9,4,0,13,0,1,0,0,0,0,0,0,0,0,0
Gorgoniidae,0,0,0,0,0,0,0,0,0,0,1,0,0,0,0
Leptogorgia,13,0,0,13,2,0,0,0,0,7,0,0,0,0,0
Plexauridae,6,0,0,3,0,0,0,0,0,3,0,0,0,0,0
Swiftia,119,0,0,108,2,14,0,0,0,68,3,1,0,0,0
Swiftia kofoidi,136,0,2,132,0,0,0,1,0,98,3,0,0,0,0
Swiftia simplex,383,0,15,370,1,0,0,0,0,364,21,0,0,0,0
Corallium,1,8,0,9,0,0,0,0,0,0,0,0,0,0,0
Paragorgia,213,18,0,208,9,2,0,1,0,147,3,4,0,0,0
Paragorgia arborea,1224,388,0,1559,27,2,0,21,0,134,39,19,0,0,0
Paragorgiidae,28,1,0,28,0,0,0,0,0,21,0,0,0,0,0
Sibogagorgia,30,0,0,29,0,0,0,0,0,3,0,1,0,0,0
Sibogagorgia cauliflora,32,0,0,32,0,0,0,0,0,32,0,0,0,0,0
Alcyoniidae,0,0,0,0,0,0,0,0,0,0,0,0,0,0,0
Bathyalcyon robustum,1,1,0,1,0,1,0,0,0,0,1,0,4,0,0
Gersemia juliepackardae,188,0,2,177,18,260,0,0,0,161,8,4,0,0,0
Heteropolypus,0,6,0,6,0,1,0,0,0,0,0,0,0,0,0
Heteropolypus ritteri,464,8,35,446,31,38,1,1,0,322,67,8,0,0,0
Clavularia,30,0,0,29,0,0,0,11,0,29,16,0,0,0,0
Stolonifera,0,0,0,0,0,0,0,0,0,0,0,0,0,0,0
Acanthoptilum,259,0,0,259,0,0,0,0,9,253,1,0,0,0,0
Anthoptilum grandiflorum,20,0,0,16,0,0,0,0,3,16,0,0,0,0,0
Anthoptilum lithophilum,9,0,0,0,0,0,0,0,0,0,0,9,0,0,0
Distichoptilum,1,0,0,1,0,0,0,0,0,1,0,0,0,0,0
Distichoptilum gracile,1,0,0,1,0,0,0,0,0,0,1,0,0,0,0
Funiculina,1562,0,5,1552,0,0,0,0,1164,1516,19,0,0,0,0
Funiculina-Halipteris complex,155,0,1,132,0,0,0,0,0,130,1,0,0,0,0
Halipteris californica,30,0,11,15,0,0,0,0,0,15,11,0,0,0,0
Kophobelemnidae,11,0,0,11,0,1,0,0,0,0,0,0,0,0,0
Kophobelemnon,5,0,0,5,0,0,0,0,0,0,0,0,0,0,0
Kophobelemnon sp. 1,12,0,0,12,0,0,0,0,0,11,1,0,0,0,0
Pennatula,18,0,0,18,0,1,0,0,0,18,0,0,11,0,0
Pennatula phosphorea,31,0,0,39,0,0,0,0,1,23,0,0,0,0,0
Pennatulacea,366,1,0,342,5,60,0,0,16,226,25,1,21,0,0
Pennatulacea sp. 1,2,0,0,2,0,0,0,0,0,2,0,0,0,0,0
Pennatulidae,1,0,0,1,0,0,0,0,0,1,0,0,0,0,0
Protoptilum,0,0,0,0,0,0,0,0,0,0,1,0,0,0,0
Protoptilum sp. 1,26,0,0,26,0,19,0,0,0,0,0,0,0,0,0
Ptilosarcus,0,0,0,0,0,1,0,0,0,0,0,0,0,0,0
Ptilosarcus gurneyi,9,0,0,9,0,0,0,0,0,9,0,0,0,0,0
Stylatula,2,0,0,2,0,0,0,0,0,2,0,0,0,0,0
Umbellula,1,0,0,0,0,0,0,0,0,0,0,0,1,0,0
Umbellula sp. 1,1,0,0,1,0,0,0,0,0,0,0,0,20,0,0
Umbellula sp. 2,729,0,0,729,0,7,0,0,421,654,3,0,0,0,0
Umbellulidae,0,0,0,0,0,0,0,0,0,0,0,0,1,0,0
Virgularia,9,0,0,6,0,0,0,0,0,6,0,0,0,0,0
Virgulariidae,5,0,0,5,0,0,0,0,0,4,0,0,0,0,0
Desmophyllum,1,0,0,1,0,0,0,0,0,0,0,0,0,0,0
Desmophyllum dianthus,2,0,0,2,0,0,0,0,0,2,0,0,0,0,0
Fungiacyathus,0,0,0,0,0,0,0,0,0,0,0,0,1,0,0
Fungiacyathus (Bathyactis) marenzelleri,0,0,0,1,0,0,0,0,0,0,0,0,19,0,0
Scleractinia,45,0,0,45,1,21,0,0,0,0,2,0,3,0,0
Alternatipathes,3,0,0,3,0,1,0,0,0,2,1,0,1,0,0
Antipatharia,1,1,0,2,0,0,0,0,0,0,0,0,0,0,0
Heteropathes,0,0,0,0,0,0,0,0,0,0,1,0,0,0,0
Lillipathes,8,0,0,8,0,0,0,0,0,0,0,0,0,0,0
Parantipathes,0,0,0,0,0,0,0,0,0,0,1,0,0,0,0
Schizopathidae,1,0,0,1,0,0,0,0,0,0,0,0,0,0,0
Umbellapathes,0,0,0,0,0,0,0,0,0,0,0,0,0,0,0
Brachyura,7,0,0,5,0,0,0,1,0,5,1,0,0,0,0
Bythograea thermydron,0,0,0,0,0,0,0,0,0,0,0,0,0,0,0
Cancridae,0,0,0,0,0,1,0,0,0,0,0,0,0,0,0
Chionoecetes tanneri,1448,0,325,1301,7,0,0,1,143,877,433,1,0,0,0
Chorilia,27,0,0,27,0,0,0,0,1,5,0,0,0,0,0
Chorilia longipes,74,0,0,59,0,0,0,0,4,30,0,1,0,0,0
Macroregonia macrochira,0,0,0,0,0,0,0,1,0,0,1,0,0,0,0
Majidae,11,0,0,8,0,0,0,0,0,5,0,0,0,0,0
Metacarcinus,0,0,0,0,0,0,0,0,0,0,0,0,0,0,0
Metacarcinus magister,9,0,0,9,0,0,0,0,0,9,0,0,0,0,0
Moloha faxoni,0,0,0,0,0,18,0,0,0,0,0,0,0,0,0
Lithodes couesi,5,0,0,5,0,0,0,0,0,3,0,0,0,0,0
Lithodidae,51,1,2,35,2,1,0,0,1,20,3,0,0,0,0
Lithodoidea,1,0,0,1,0,0,0,0,0,1,0,0,0,0,0
Neolithodes diomedeae,23,0,0,23,0,0,0,0,0,21,0,0,0,0,0
Paralithodes rathbuni,1,0,0,0,0,0,0,0,0,0,0,0,0,0,0
Paralomis,105,2,2,91,0,7,0,0,1,47,5,0,0,0,0
Paralomis cf. papillata,1,0,0,0,0,0,0,0,0,0,0,0,0,0,0
Paralomis multispina,554,14,0,564,6,13,0,0,3,109,10,0,0,0,0
Paralomis verrilli,6,2,0,8,3,0,0,0,0,4,0,0,0,0,0
Acanthephyra,17,0,0,21,0,27,0,0,0,6,10,0,0,0,0
Caridea,178,9,1,108,0,91,0,0,0,77,8,2,0,0,0
Caridea sp. 2,0,0,0,0,0,2,0,0,0,0,0,0,0,0,0
Eualus,1,0,0,1,0,0,0,0,0,1,0,0,0,0,0
Eualus macrophthalmus,39,0,0,39,0,0,0,0,0,34,1,0,0,0,0
Glyphocrangon vicaria,0,0,0,0,0,9,0,0,0,0,0,0,0,0,0
Heterocarpus sp. 1,0,0,0,0,0,5,0,0,0,0,0,0,0,0,0
Pandalidae,56,7,0,17,1,5,0,0,1,8,0,0,0,0,0
Pandalopsis ampla,452,0,0,108,0,9,0,0,0,20,1,0,0,0,0
Pandalus,15,0,0,9,0,0,0,0,0,1,0,0,0,0,0
Pandalus platyceros,228,0,0,216,0,0,0,0,0,216,0,0,0,0,0
Pasiphaea,4,0,0,4,0,0,0,0,0,4,0,0,0,0,0
Plesionika,7,0,0,7,0,2,0,0,0,7,0,0,0,0,0
Plesionika sp. A,0,0,0,0,0,4,0,0,0,0,0,0,0,0,0
Cerataspis monstrosus,0,0,0,0,0,1,0,0,0,0,0,0,2,0,0
Eusergestes similis,716,1,0,722,0,2,0,0,1,661,27,0,1,0,0
Sergestidae,10,0,0,10,0,0,0,0,0,4,1,0,0,0,0
Sergestoidea,3,0,0,3,0,1,0,0,0,3,0,0,0,0,0
Calocarides quinqueseriatus,0,0,0,0,0,1,0,0,0,0,0,0,0,0,0
Chirostylidae,0,0,0,0,0,0,0,0,0,0,0,0,0,0,0
Galatheidae,174,2,1,146,2,13,0,0,1,23,1,3,5,0,0
Galatheoidea,11,1,0,5,0,80,0,0,0,0,2,0,0,0,1
Munida,17,0,0,14,2,4,0,0,0,1,0,0,0,0,0
Munida bapensis,0,0,0,0,0,3,0,0,0,0,0,0,0,0,0
Munida quadrispina,6,0,0,6,0,0,0,0,0,2,0,0,0,0,0
Munida sp. A,1,0,0,1,0,0,0,0,0,0,0,0,0,0,0
Munididae,0,0,0,0,0,0,0,0,0,0,0,0,0,0,0
Munidopsidae,0,0,0,0,0,0,0,0,0,0,0,0,0,0,0
Munidopsis,484,18,0,536,0,203,0,6,0,148,87,0,5,0,4
Munidopsis depressa,0,0,0,0,0,23,0,0,0,0,0,0,0,0,0
Munidopsis kensmithi,5,0,0,5,0,0,0,0,0,0,0,0,61,0,0
Munidopsis lignaria,0,0,0,0,0,0,0,0,0,0,1,0,0,0,0
Munidopsis recta,0,0,0,0,0,0,0,0,0,0,0,0,0,0,0
Munidopsis scotti,0,0,0,0,0,0,0,0,0,0,1,0,0,0,0
Munidopsis sp. 1,0,0,0,0,0,20,0,0,0,0,0,0,0,0,0
Pleuroncodes planipes,143,0,0,136,0,9,0,0,0,135,0,0,0,0,0
Cirripedia,15,0,0,15,0,0,0,0,0,9,0,0,0,0,0
Scalpellidae,0,0,0,0,0,0,0,0,0,0,0,0,0,0,0
Verum proximum,0,0,0,0,0,0,0,0,0,0,0,0,2,0,0
Colossendeidae,7,1,0,9,0,0,0,0,0,6,0,0,9,0,0
Colossendeis,91,6,0,96,0,20,0,0,0,80,6,0,8,0,0
Pycnogonida,8,0,2,10,1,3,0,3,0,2,6,0,3,0,0
Alciopidae,1,0,0,1,0,0,0,0,0,1,0,0,0,0,0
Anchinothria fissurata,0,0,0,0,0,1,0,0,0,0,0,0,0,0,0
Annelida,10,0,0,10,0,0,0,0,0,10,2,0,1,0,0
Biremis,0,0,0,0,0,1,0,0,0,0,0,0,0,0,0
Canalipalpata,0,0,0,0,0,0,0,0,0,0,0,0,0,0,0
Chaetopterus pugaporcinus,1,0,0,1,0,0,0,0,0,1,0,0,0,0,0
Ctenophoricola,7,0,0,7,0,0,0,0,0,7,0,0,0,0,0
Echiura,7,1,0,8,0,0,0,0,0,4,0,0,8,0,0
Flabelligeridae,1,0,0,1,0,0,0,0,0,1,0,0,0,0,0
Harmothoe,1,0,0,1,0,0,0,0,0,1,0,0,0,0,0
Hirudinea,81,0,0,81,0,0,0,0,0,71,2,0,0,0,0
Lamellibrachia,28,0,0,28,0,0,0,0,0,28,0,0,0,0,0
Oasisia,0,0,0,0,0,11,0,0,0,0,0,0,0,0,0
Osedax,26,0,0,26,0,0,0,0,0,26,0,0,0,0,0
Osedax frankpressi,76,0,0,76,0,0,0,0,0,76,0,0,0,0,0
Paradiopatra,0,0,0,0,0,0,0,0,0,0,0,0,11,0,0
Peinaleopolynoe orphanae,0,0,0,0,0,2,0,0,0,0,0,0,0,0,0
Phyllochaetopterus gigas,9,0,0,9,0,0,0,0,0,9,0,0,0,0,0
Poeobius,77,0,0,82,0,0,0,0,0,48,0,0,0,0,0
Poeobius meseres,655,18,0,757,0,87,0,0,1,536,36,0,0,0,0
Polychaeta,7,1,0,8,0,6,0,0,0,6,3,0,5,0,0
Polynoidae,6,0,0,5,0,6,0,0,0,1,0,0,5,0,0
Ridgeia,0,0,0,0,0,0,0,0,0,0,10,0,0,0,0
Riftia pachyptila,0,0,0,0,0,37,0,0,0,0,0,0,0,0,0
Sabellida,7,0,0,7,0,1,0,5,0,4,7,0,0,0,0
Sabellidae,28,0,0,28,0,0,0,0,0,24,0,0,1,0,0
Serpulidae,227,17,0,159,2,26,0,42,8,135,42,0,0,0,0
Siboglinidae,30,0,0,27,0,0,0,0,0,27,0,0,0,0,0
Terebellidae,0,0,0,0,0,5,0,0,0,0,0,0,0,0,0
Tomopterid eggcase,6,0,0,6,0,0,0,0,0,2,0,0,0,0,0
Tomopteridae,14,0,0,14,0,0,0,0,0,9,1,0,0,0,0
Tomopteris,1247,31,0,1393,1,175,0,0,2,890,8,0,0,0,0
Tomopteris nisseni,183,1,0,233,1,0,0,0,5,163,3,0,0,0,0
