vehicle,,Doc%20Ricketts,Tiburon,Tiburon,Ventana,Ventana,Ventana
camera,,ikegami,panasonic,ikegami,sonyChip,sonyHD,ikegami
concept,count-type,,,,,,
Actinauge verrillii,images,0,0,1,0,0,0
Actinauge verrillii,bboxes,0,0,1,0,0,0
Actinernus,images,251,55,14,0,0,0
Actinernus,bboxes,878,135,14,0,0,0
Actiniaria,images,579,140,41,0,111,158
Actiniaria,bboxes,1429,237,78,0,189,305
Actiniidae,images,0,0,0,0,0,0
Actiniidae,bboxes,0,0,0,0,0,0
Actiniidae sp. 1,images,77,3,13,0,21,51
Actiniidae sp. 1,bboxes,101,11,28,0,21,57
Actinoscyphia,images,0,1,1,0,0,0
Actinoscyphia,bboxes,0,1,1,0,0,0
Actinostolidae,images,8,0,0,0,1,5
Actinostolidae,bboxes,12,0,0,0,1,7
Actinostoloidea,images,15,0,6,0,14,21
Actinostoloidea,bboxes,18,0,10,0,20,28
Bathyphellia,images,1,0,0,0,0,0
Bathyphellia,bboxes,1,0,0,0,0,0
Bathyphellia australis,images,52,0,14,0,0,0
Bathyphellia australis,bboxes,53,0,16,0,0,0
Bolocera,images,50,6,7,0,0,0
Bolocera,bboxes,51,6,7,0,0,0
Bolocera kensmithi,images,27,19,9,0,0,0
Bolocera kensmithi,bboxes,30,19,9,0,0,0
Dofleinia,images,5,15,2,0,0,0
Dofleinia,bboxes,5,18,2,0,0,0
Exocoelactis,images,1,0,0,0,0,2
Exocoelactis,bboxes,1,0,0,0,0,2
Hormathiidae,images,87,32,8,0,6,9
Hormathiidae,bboxes,163,38,11,0,7,21
Hormathiidae sp. 1,images,13,0,0,0,4,38
Hormathiidae sp. 1,bboxes,23,0,0,0,4,64
Iosactis,images,9,0,0,0,0,0
Iosactis,bboxes,9,0,0,0,0,0
Iosactis vagabunda,images,41,10,1,0,0,0
Iosactis vagabunda,bboxes,41,10,1,0,0,0
Isosicyonis,images,85,3,7,0,90,93
Isosicyonis,bboxes,167,4,10,0,229,241
Liponema,images,5,7,0,0,7,6
Liponema,bboxes,9,11,0,0,8,7
Liponema brevicorne,images,277,192,33,0,81,80
Liponema brevicorne,bboxes,365,294,37,0,91,96
Metridium farcimen,images,79,102,7,0,54,175
Metridium farcimen,bboxes,226,294,8,0,135,428
Ostiactis pearseae,images,2,0,0,0,0,0
Ostiactis pearseae,bboxes,35,0,0,0,0,0
Sicyonis,images,6,14,5,0,0,0
Sicyonis,bboxes,6,15,5,0,0,0
Sicyonis careyi,images,1,0,0,0,0,0
Sicyonis careyi,bboxes,1,0,0,0,0,0
Stomphia,images,6,17,3,0,1,0
Stomphia,bboxes,8,21,3,0,1,0
Stomphia didemon,images,11,1,0,0,2,15
Stomphia didemon,bboxes,12,4,0,0,4,15
Urticina,images,0,0,0,0,0,8
Urticina,bboxes,0,0,0,0,0,10
Acanthurus xanthopterus,images,0,0,0,0,0,0
Acanthurus xanthopterus,bboxes,0,0,0,0,0,0
Actinopterygii,images,29,3,0,0,7,27
Actinopterygii,bboxes,33,3,0,0,8,45
Agonidae,images,1,0,0,0,1,1
Agonidae,bboxes,1,0,0,0,1,1
Albatrossia,images,1,0,0,0,0,0
Albatrossia,bboxes,1,0,0,0,0,0
Albatrossia pectoralis,images,3,0,1,0,0,1
Albatrossia pectoralis,bboxes,3,0,1,0,0,1
Alepisaurus ferox,images,16,0,0,0,0,0
Alepisaurus ferox,bboxes,16,0,0,0,0,0
Alepocephalus tenebrosus,images,0,0,0,0,0,3
Alepocephalus tenebrosus,bboxes,0,0,0,0,0,3
Anarrhichthys ocellatus,images,0,2,0,0,2,8
Anarrhichthys ocellatus,bboxes,0,2,0,0,2,8
Anoplogaster cornuta,images,58,0,0,0,59,0
Anoplogaster cornuta,bboxes,58,0,0,0,59,0
Anoplopoma fimbria,images,43,7,6,0,30,38
Anoplopoma fimbria,bboxes,59,8,9,0,57,50
Anotopterus nikparini,images,43,3,7,0,0,1
Anotopterus nikparini,bboxes,44,3,7,0,0,1
Antimora microlepis,images,154,152,47,0,27,11
Antimora microlepis,bboxes,155,153,47,0,27,11
Aphyonidae,images,0,1,0,0,0,0
Aphyonidae,bboxes,0,1,0,0,0,0
Apogon pacificus,images,0,0,0,0,0,0
Apogon pacificus,bboxes,0,0,0,0,0,0
Bathylagidae,images,4,0,0,0,0,1
Bathylagidae,bboxes,4,0,0,0,0,5
Bathylagus,images,2,0,0,0,0,0
Bathylagus,bboxes,2,0,0,0,0,0
Bathypterois,images,1,0,0,0,0,0
Bathypterois,bboxes,1,0,0,0,0,0
Bathypterois grallator,images,0,5,0,0,0,0
Bathypterois grallator,bboxes,0,5,0,0,0,0
Bathypterois pectinatus,images,131,0,0,0,0,0
Bathypterois pectinatus,bboxes,139,0,0,0,0,0
Bathysaurus mollis,images,8,39,24,0,0,0
Bathysaurus mollis,bboxes,8,39,24,0,0,0
Benthalbella,images,0,0,0,0,0,0
Benthalbella,bboxes,0,0,0,0,0,0
Bodianus diplotaenia,images,0,0,0,0,0,0
Bodianus diplotaenia,bboxes,0,0,0,0,0,0
Bregmaceros bathymaster,images,6,0,0,0,0,0
Bregmaceros bathymaster,bboxes,6,0,0,0,0,0
Careproctus,images,12,0,3,0,0,1
Careproctus,bboxes,12,0,3,0,0,1
Careproctus kamikawai,images,2,1,0,0,0,0
Careproctus kamikawai,bboxes,2,1,0,0,0,0
Careproctus melanurus,images,10,1,3,0,10,7
Careproctus melanurus,bboxes,10,1,3,0,10,7
Careproctus ovigerus,images,1,0,0,0,0,0
Careproctus ovigerus,bboxes,1,0,0,0,0,0
Cataetyx,images,21,5,1,0,1,0
Cataetyx,bboxes,21,5,1,0,1,0
Cetostoma regani,images,15,1,5,0,0,0
Cetostoma regani,bboxes,15,1,5,0,0,0
Chaenophryne,images,1,1,0,0,0,32
Chaenophryne,bboxes,1,1,0,0,0,32
Chaetodon humeralis,images,0,0,0,0,0,0
Chaetodon humeralis,bboxes,0,0,0,0,0,0
Chaunacops coloratus,images,58,5,0,0,0,0
Chaunacops coloratus,bboxes,62,5,0,0,0,0
Cherublemma emmelas,images,16,0,0,0,0,0
Cherublemma emmelas,bboxes,48,0,0,0,0,0
Chilara taylori,images,1,0,0,0,0,1
Chilara taylori,bboxes,1,0,0,0,0,1
Chromis limbaughi,images,0,0,0,0,0,0
Chromis limbaughi,bboxes,0,0,0,0,0,0
Coelorinchus doryssus,images,0,7,0,0,0,0
Coelorinchus doryssus,bboxes,0,7,0,0,0,0
Coelorinchus scaphopsis,images,105,1,0,0,0,0
Coelorinchus scaphopsis,bboxes,111,2,0,0,0,0
Coelorinchus spilonotus,images,0,3,0,0,0,0
Coelorinchus spilonotus,bboxes,0,3,0,0,0,0
Coryphaenoides,images,237,95,32,0,15,7
Coryphaenoides,bboxes,266,97,35,0,15,7
Coryphaenoides acrolepis,images,130,28,13,0,16,15
Coryphaenoides acrolepis,bboxes,166,28,17,0,17,17
Coryphaenoides acrolepis-filifer complex,images,11,0,0,0,0,3
Coryphaenoides acrolepis-filifer complex,bboxes,13,0,0,0,0,3
Coryphaenoides armatus-leptolepis-yaquinae complex,images,51,2,3,0,0,0
Coryphaenoides armatus-leptolepis-yaquinae complex,bboxes,54,2,5,0,0,0
Coryphaenoides armatus-yaquinae complex,images,14,6,4,0,0,0
Coryphaenoides armatus-yaquinae complex,bboxes,14,6,5,0,0,0
Coryphaenoides capito,images,5,0,0,0,0,0
Coryphaenoides capito,bboxes,6,0,0,0,0,0
Coryphaenoides filifer,images,3,1,2,0,0,0
Coryphaenoides filifer,bboxes,3,1,2,0,0,0
Coryphaenoides leptolepis,images,3,5,2,0,0,0
Coryphaenoides leptolepis,bboxes,3,5,2,0,0,0
Cyclothone,images,1,0,0,0,0,0
Cyclothone,bboxes,1,0,0,0,0,0
Cyclothone pallida,images,1,0,0,0,0,0
Cyclothone pallida,bboxes,1,0,0,0,0,0
Cyema atrum,images,1,0,0,0,0,0
Cyema atrum,bboxes,1,0,0,0,0,0
Desmodema lorum,images,44,0,0,0,0,0
Desmodema lorum,bboxes,44,0,0,0,0,0
Dibranchus,images,2,0,0,0,0,0
Dibranchus,bboxes,2,0,0,0,0,0
Dibranchus hystrix,images,167,4,0,0,0,0
Dibranchus hystrix,bboxes,185,6,0,0,0,0
Dibranchus sp. A,images,42,0,0,0,0,0
Dibranchus sp. A,bboxes,44,0,0,0,0,0
Dibranchus spinosus,images,29,0,0,0,0,0
Dibranchus spinosus,bboxes,29,0,0,0,0,0
Epinephelus labriformis,images,0,0,0,0,0,0
Epinephelus labriformis,bboxes,0,0,0,0,0,0
Eretmichthys pinnatus,images,2,0,0,0,0,0
Eretmichthys pinnatus,bboxes,2,0,0,0,0,0
Gadella jordani,images,18,0,0,0,0,0
Gadella jordani,bboxes,18,0,0,0,0,0
Gadomus melanopterus,images,0,1,0,0,0,0
Gadomus melanopterus,bboxes,0,1,0,0,0,0
Gigantactis gargantua,images,30,0,0,0,0,0
Gigantactis gargantua,bboxes,30,0,0,0,0,0
Gobiidae,images,0,0,0,0,0,1
Gobiidae,bboxes,0,0,0,0,0,1
Holacanthus passer,images,0,0,0,0,0,0
Holacanthus passer,bboxes,0,0,0,0,0,0
Hollardia,images,0,8,0,0,0,0
Hollardia,bboxes,0,8,0,0,0,0
Icelinus,images,2,0,0,0,0,0
Icelinus,bboxes,3,0,0,0,0,0
Icelinus filamentosus,images,4,0,0,0,0,4
Icelinus filamentosus,bboxes,4,0,0,0,0,7
Icichthys lockingtoni,images,67,0,0,0,4,52
Icichthys lockingtoni,bboxes,68,0,0,0,4,52
Icosteus aenigmaticus,images,4,0,0,0,3,4
Icosteus aenigmaticus,bboxes,4,0,0,0,3,4
Johnrandallia nigrirostris,images,0,0,0,0,0,0
Johnrandallia nigrirostris,bboxes,0,0,0,0,0,0
Kali kerberti,images,29,0,20,0,0,0
Kali kerberti,bboxes,29,0,20,0,0,0
Lepidion,images,7,5,0,0,0,0
Lepidion,bboxes,7,5,0,0,0,0
Liopropoma fasciatum,images,0,0,0,0,0,0
Liopropoma fasciatum,bboxes,0,0,0,0,0,0
Liopropoma longilepis,images,10,0,0,0,0,0
Liopropoma longilepis,bboxes,11,0,0,0,0,0
Liparidae,images,7,2,1,0,0,0
Liparidae,bboxes,7,2,1,0,0,0
Lophiiformes,images,1,0,0,0,0,0
Lophiiformes,bboxes,1,0,0,0,0,0
Lophiodes caulinaris,images,30,0,0,0,0,0
Lophiodes caulinaris,bboxes,31,0,0,0,0,0
Lophiodes miacanthus,images,21,6,0,0,0,0
Lophiodes miacanthus,bboxes,21,6,0,0,0,0
Luciobrotula,images,0,3,0,0,0,0
Luciobrotula,bboxes,0,4,0,0,0,0
Luciobrotula sp. A,images,0,1,1,0,0,0
Luciobrotula sp. A,bboxes,0,1,1,0,0,0
Lumpenus sagitta,images,3,0,1,0,0,0
Lumpenus sagitta,bboxes,3,0,1,0,0,0
Lutjanus argentiventris,images,0,0,0,0,0,0
Lutjanus argentiventris,bboxes,0,0,0,0,0,0
Lutjanus guttatus,images,0,0,0,0,0,0
Lutjanus guttatus,bboxes,0,0,0,0,0,0
Macropinna microstoma,images,63,0,17,0,20,22
Macropinna microstoma,bboxes,63,0,17,0,20,22
Macrouridae,images,292,86,3,0,8,11
Macrouridae,bboxes,321,105,3,0,8,11
Macrourinae,images,1,1,0,0,0,0
Macrourinae,bboxes,1,1,0,0,0,0
Macrourinae sp. 2,images,0,0,1,0,0,0
Macrourinae sp. 2,bboxes,0,0,1,0,0,0
Melanocetus,images,66,0,0,0,0,0
Melanocetus,bboxes,66,0,0,0,0,0
Merluccius productus,images,296,30,35,0,129,365
Merluccius productus,bboxes,1023,48,161,0,777,2486
Mola mola,images,23,0,0,0,44,32
Mola mola,bboxes,25,0,0,0,152,39
Moridae,images,1,1,0,0,1,0
Moridae,bboxes,1,1,0,0,1,0
Myctophidae,images,0,1,0,0,2,8
Myctophidae,bboxes,0,1,0,0,2,20
Nezumia liolepis,images,3,0,0,0,0,0
Nezumia liolepis,bboxes,3,0,0,0,0,0
Nezumia stelgidolepis,images,0,0,1,0,0,0
Nezumia stelgidolepis,bboxes,0,0,1,0,0,0
Oncorhynchus,images,0,0,0,0,0,3
Oncorhynchus,bboxes,0,0,0,0,0,3
Oneirodes acanthias,images,12,49,0,0,0,22
Oneirodes acanthias,bboxes,12,49,0,0,0,22
Ophidiidae,images,0,1,0,0,0,0
Ophidiidae,bboxes,0,1,0,0,0,0
Ophiodon elongatus,images,7,5,0,0,0,2
Ophiodon elongatus,bboxes,8,6,0,0,0,2
Paralabrax auroguttatus,images,9,0,0,0,0,0
Paralabrax auroguttatus,bboxes,9,0,0,0,0,0
Paralepididae,images,1,0,0,0,0,1
Paralepididae,bboxes,1,0,0,0,0,1
Paraliparis,images,0,1,0,0,0,0
Paraliparis,bboxes,0,1,0,0,0,0
Paraliparis cephalus,images,11,0,2,0,1,7
Paraliparis cephalus,bboxes,11,0,2,0,1,7
Paraliparis sp. 1,images,0,0,1,0,0,0
Paraliparis sp. 1,bboxes,0,0,1,0,0,0
Paranthias colonus,images,0,0,0,0,0,0
Paranthias colonus,bboxes,0,0,0,0,0,0
Parvilux,images,2,0,0,0,0,0
Parvilux,bboxes,2,0,0,0,0,0
Physiculus,images,1,0,0,0,0,0
Physiculus,bboxes,1,0,0,0,0,0
Physiculus nematopus,images,8,5,0,0,0,0
Physiculus nematopus,bboxes,9,5,0,0,0,0
Physiculus nematopus-rastrelliger complex,images,52,0,0,0,0,0
Physiculus nematopus-rastrelliger complex,bboxes,57,0,0,0,0,0
Physiculus rastrelliger,images,102,0,0,0,0,0
Physiculus rastrelliger,bboxes,110,0,0,0,0,0
Physiculus sp. 1,images,23,0,0,0,0,0
Physiculus sp. 1,bboxes,23,0,0,0,0,0
Physiculus sp. 2,images,0,0,0,0,0,0
Physiculus sp. 2,bboxes,0,0,0,0,0,0
Plectobranchus evides,images,0,0,0,0,0,2
Plectobranchus evides,bboxes,0,0,0,0,0,2
Pontinus,images,4,0,0,0,0,0
Pontinus,bboxes,4,0,0,0,0,0
Pontinus furcirhinus,images,6,0,0,0,0,0
Pontinus furcirhinus,bboxes,6,0,0,0,0,0
Pontinus sierra,images,2,0,0,0,0,0
Pontinus sierra,bboxes,2,0,0,0,0,0
Porichthys mimeticus,images,10,0,0,0,0,0
Porichthys mimeticus,bboxes,10,0,0,0,0,0
Pristigenys serrula,images,0,0,0,0,0,0
Pristigenys serrula,bboxes,0,0,0,0,0,0
Prognathodes falcifer,images,0,0,0,0,0,0
Prognathodes falcifer,bboxes,0,0,0,0,0,0
Pronotogrammus eos,images,10,0,0,0,0,0
Pronotogrammus eos,bboxes,10,0,0,0,0,0
Pseudobathylagus,images,1,0,0,0,0,0
Pseudobathylagus,bboxes,1,0,0,0,0,0
Pseudobathylagus milleri,images,89,43,35,0,86,53
Pseudobathylagus milleri,bboxes,89,43,35,0,87,53
Psychrolutes phrictus,images,64,75,26,0,0,5
Psychrolutes phrictus,bboxes,64,81,26,0,0,5
Psychrolutidae,images,1,0,0,0,0,0
Psychrolutidae,bboxes,1,0,0,0,0,0
Scopelarchus,images,45,0,0,0,0,0
Scopelarchus,bboxes,45,0,0,0,0,0
Scorpaeniformes,images,1,0,0,0,0,0
Scorpaeniformes,bboxes,1,0,0,0,0,0
Sebastes,images,187,47,20,0,94,172
Sebastes,bboxes,240,53,28,0,111,239
Sebastes aleutianus-melanostictus complex,images,0,3,0,0,0,10
Sebastes aleutianus-melanostictus complex,bboxes,0,3,0,0,0,10
Sebastes auriculatus,images,0,0,0,0,0,5
Sebastes auriculatus,bboxes,0,0,0,0,0,5
Sebastes aurora,images,10,6,1,0,9,23
Sebastes aurora,bboxes,10,6,1,0,9,27
Sebastes babcocki,images,13,2,7,0,2,11
Sebastes babcocki,bboxes,13,2,7,0,2,11
Sebastes borealis,images,0,0,2,0,0,0
Sebastes borealis,bboxes,0,0,2,0,0,0
Sebastes brevispinis,images,0,0,0,0,0,10
Sebastes brevispinis,bboxes,0,0,0,0,0,12
Sebastes caurinus,images,0,0,0,0,0,7
Sebastes caurinus,bboxes,0,0,0,0,0,8
Sebastes chlorostictus,images,4,1,0,0,0,3
Sebastes chlorostictus,bboxes,5,1,0,0,0,3
Sebastes cortezi,images,40,0,0,0,0,0
Sebastes cortezi,bboxes,40,0,0,0,0,0
Sebastes crameri,images,0,0,0,0,2,0
Sebastes crameri,bboxes,0,0,0,0,4,0
Sebastes crameri-melanostomus complex,images,0,0,0,0,7,1
Sebastes crameri-melanostomus complex,bboxes,0,0,0,0,7,1
Sebastes diploproa,images,18,11,2,0,27,106
Sebastes diploproa,bboxes,26,45,2,0,40,225
Sebastes elongatus,images,3,4,0,0,0,25
Sebastes elongatus,bboxes,3,4,0,0,0,28
Sebastes ensifer,images,1,0,0,0,0,4
Sebastes ensifer,bboxes,1,0,0,0,0,4
Sebastes entomelas,images,0,0,0,0,6,4
Sebastes entomelas,bboxes,0,0,0,0,6,4
Sebastes flavidus,images,0,1,0,0,5,5
Sebastes flavidus,bboxes,0,1,0,0,5,7
Sebastes goodei,images,2,0,0,0,0,2
Sebastes goodei,bboxes,3,0,0,0,0,2
Sebastes jordani,images,13,0,0,0,4,14
Sebastes jordani,bboxes,24,0,0,0,4,15
Sebastes levis,images,2,0,0,0,0,8
Sebastes levis,bboxes,2,0,0,0,0,8
Sebastes macdonaldi,images,13,0,0,0,0,0
Sebastes macdonaldi,bboxes,13,0,0,0,0,0
Sebastes maliger,images,0,0,0,0,0,0
Sebastes maliger,bboxes,0,0,0,0,0,0
Sebastes melanostomus,images,38,5,8,0,17,53
Sebastes melanostomus,bboxes,38,5,8,0,17,55
Sebastes miniatus,images,0,0,0,0,0,10
Sebastes miniatus,bboxes,0,0,0,0,0,19
Sebastes miniatus-pinniger complex,images,0,0,0,0,0,4
Sebastes miniatus-pinniger complex,bboxes,0,0,0,0,0,4
Sebastes mystinus,images,0,0,0,0,0,1
Sebastes mystinus,bboxes,0,0,0,0,0,1
Sebastes ovalis,images,0,0,0,0,0,2
Sebastes ovalis,bboxes,0,0,0,0,0,2
Sebastes paucispinis,images,0,0,0,0,0,7
Sebastes paucispinis,bboxes,0,0,0,0,0,8
Sebastes phillipsi,images,1,0,0,0,0,1
Sebastes phillipsi,bboxes,2,0,0,0,0,1
Sebastes pinniger,images,0,0,0,0,7,3
Sebastes pinniger,bboxes,0,0,0,0,7,3
Sebastes rosenblatti,images,0,0,0,0,0,0
Sebastes rosenblatti,bboxes,0,0,0,0,0,0
Sebastes ruberrimus,images,0,5,4,0,1,15
Sebastes ruberrimus,bboxes,0,5,4,0,1,29
Sebastes rubrivinctus,images,2,0,0,0,4,8
Sebastes rubrivinctus,bboxes,2,0,0,0,4,8
Sebastes rufus,images,1,0,0,0,1,11
Sebastes rufus,bboxes,1,0,0,0,1,12
Sebastes saxicola,images,2,0,0,0,2,25
Sebastes saxicola,bboxes,2,0,0,0,2,25
Sebastes semicinctus,images,0,2,0,0,0,8
Sebastes semicinctus,bboxes,0,2,0,0,0,8
Sebastes serranoides,images,0,3,0,0,0,0
Sebastes serranoides,bboxes,0,8,0,0,0,0
Sebastes simulator,images,1,0,0,0,0,1
Sebastes simulator,bboxes,1,0,0,0,0,1
Sebastes zacentrus,images,5,1,0,0,0,4
Sebastes zacentrus,bboxes,7,1,0,0,0,4
Sebastidae,images,7,1,0,0,0,1
Sebastidae,bboxes,7,1,0,0,0,1
Sebastolobinae,images,1,0,0,0,0,0
Sebastolobinae,bboxes,1,0,0,0,0,0
Sebastolobus,images,1062,185,81,0,345,463
Sebastolobus,bboxes,1492,219,95,0,401,660
Sebastolobus alascanus,images,17,1,0,0,3,10
Sebastolobus alascanus,bboxes,17,1,0,0,4,11
Sebastolobus altivelis,images,35,0,10,0,26,7
Sebastolobus altivelis,bboxes,36,0,10,0,27,8
Sebastomus complex,images,23,6,2,0,10,24
Sebastomus complex,bboxes,23,6,2,0,10,26
Seriola rivoliana,images,0,0,0,0,0,0
Seriola rivoliana,bboxes,0,0,0,0,0,0
Serranus psittacinus,images,0,0,0,0,0,0
Serranus psittacinus,bboxes,0,0,0,0,0,0
Spectrunculus grandis,images,1,2,0,0,0,0
Spectrunculus grandis,bboxes,1,2,0,0,0,0
Stegastes rectifraenum,images,0,0,0,0,0,0
Stegastes rectifraenum,bboxes,0,0,0,0,0,0
Stenobrachius leucopsarus,images,4,0,0,0,0,0
Stenobrachius leucopsarus,bboxes,4,0,0,0,0,0
Sternoptyx diaphana,images,1,0,0,0,0,0
Sternoptyx diaphana,bboxes,1,0,0,0,0,0
Sufflamen verres,images,0,0,0,0,0,0
Sufflamen verres,bboxes,0,0,0,0,0,0
Synodus lacertinus,images,0,0,0,0,0,0
Synodus lacertinus,bboxes,0,0,0,0,0,0
Tactostoma macropus,images,1,0,1,0,0,0
Tactostoma macropus,bboxes,1,0,1,0,0,0
Tarletonbeania,images,0,0,0,0,0,1
Tarletonbeania,bboxes,0,0,0,0,0,1
Trachipterus altivelis,images,16,0,0,0,0,18
Trachipterus altivelis,bboxes,16,0,0,0,0,18
Xeneretmus,images,2,0,0,0,0,2
Xeneretmus,bboxes,2,0,0,0,0,3
Xeneretmus latifrons,images,4,0,0,0,1,16
Xeneretmus latifrons,bboxes,4,0,0,0,1,17
Zanclus cornutus,images,0,0,0,0,0,0
Zanclus cornutus,bboxes,0,0,0,0,0,0
Zaniolepis frenata,images,0,0,0,0,0,1
Zaniolepis frenata,bboxes,0,0,0,0,0,1
Zaniolepis latipinnis,images,0,0,0,0,0,4
Zaniolepis latipinnis,bboxes,0,0,0,0,0,4
Anguilliformes,images,2,1,1,0,0,0
Anguilliformes,bboxes,2,1,1,0,0,0
Bathycongrus macrurus,images,33,0,0,0,0,0
Bathycongrus macrurus,bboxes,33,0,0,0,0,0
Gnathophis cinctus,images,14,0,0,0,0,0
Gnathophis cinctus,bboxes,14,0,0,0,0,0
Gymnothorax berndti,images,0,10,0,0,0,0
Gymnothorax berndti,bboxes,0,10,0,0,0,0
Leptocephalus-2,images,10,9,0,0,0,0
Leptocephalus-2,bboxes,10,9,0,0,0,0
Muraena argus,images,0,0,0,0,0,0
Muraena argus,bboxes,0,0,0,0,0,0
Nemichthyidae,images,1,1,0,0,0,0
Nemichthyidae,bboxes,1,1,0,0,0,0
Nettastoma parviceps,images,27,5,0,0,0,0
Nettastoma parviceps,bboxes,27,5,0,0,0,0
Ophichthus frontalis,images,9,0,0,0,0,0
Ophichthus frontalis,bboxes,10,0,0,0,0,0
Serrivomer,images,2,1,0,0,0,0
Serrivomer,bboxes,3,1,0,0,0,0
Synaphobranchidae,images,2,1,8,0,0,0
Synaphobranchidae,bboxes,2,1,8,0,0,0
Eptatretus,images,80,12,10,0,38,41
Eptatretus,bboxes,93,12,14,0,55,60
Eptatretus sinus,images,1,0,0,0,0,0
Eptatretus sinus,bboxes,1,0,0,0,0,0
Bothrocara brunneum,images,4,0,0,0,1,1
Bothrocara brunneum,bboxes,4,0,0,0,1,1
Eucryphycus californicus,images,0,0,0,0,0,0
Eucryphycus californicus,bboxes,0,0,0,0,0,0
Lycenchelys,images,129,21,29,0,37,28
Lycenchelys,bboxes,134,22,31,0,38,30
Lycenchelys crotalinus,images,14,1,3,0,5,11
Lycenchelys crotalinus,bboxes,16,1,3,0,5,12
Lycenchelys sp. 1,images,3,0,0,0,5,3
Lycenchelys sp. 1,bboxes,3,0,0,0,5,3
Lycodapus,images,4,0,1,0,0,3
Lycodapus,bboxes,4,0,1,0,0,3
Lycodapus fierasfer,images,19,0,18,0,0,11
Lycodapus fierasfer,bboxes,20,0,18,0,0,11
Lycodapus mandibularis,images,1,0,0,0,0,0
Lycodapus mandibularis,bboxes,1,0,0,0,0,0
Lycodes,images,8,3,0,0,2,9
Lycodes,bboxes,8,3,0,0,2,9
Lycodes brevipes,images,0,0,0,0,0,4
Lycodes brevipes,bboxes,0,0,0,0,0,4
Lycodes cortezianus,images,30,1,2,0,19,59
Lycodes cortezianus,bboxes,31,1,2,0,19,63
Lycodes diapterus,images,29,10,7,0,16,99
Lycodes diapterus,bboxes,30,10,7,0,16,113
Lycodes pacificus,images,2,0,0,0,0,14
Lycodes pacificus,bboxes,2,0,0,0,0,14
Lycodinae,images,5,1,0,0,0,3
Lycodinae,bboxes,5,1,0,0,0,3
Melanostigma pammelas,images,1,0,0,0,0,1
Melanostigma pammelas,bboxes,1,0,0,0,0,1
Pachycara,images,1,0,2,0,0,0
Pachycara,bboxes,1,0,2,0,0,0
Pachycara bulbiceps,images,4,0,18,0,0,0
Pachycara bulbiceps,bboxes,4,0,18,0,0,0
Thermarces cerberus,images,1,0,0,0,0,0
Thermarces cerberus,bboxes,3,0,0,0,0,0
Zoarcidae,images,6,3,1,0,2,3
Zoarcidae,bboxes,6,3,1,0,2,3
Aeolidiidae sp. 1,images,2,0,0,0,0,0
Aeolidiidae sp. 1,bboxes,2,0,0,0,0,0
Akoya,images,2,0,0,0,0,0
Akoya,bboxes,2,0,0,0,0,0
Akoya platinum,images,7,1,0,0,3,9
Akoya platinum,bboxes,9,1,0,0,4,10
Bathybembix,images,7,0,0,0,0,4
Bathybembix,bboxes,15,0,0,0,0,6
Bathydoris aioca,images,0,1,0,0,0,0
Bathydoris aioca,bboxes,0,1,0,0,0,0
Buccinidae,images,2,0,1,0,0,0
Buccinidae,bboxes,9,0,2,0,0,0
Caenogastropoda,images,2,0,2,0,0,0
Caenogastropoda,bboxes,20,0,13,0,0,0
Calliostoma,images,17,0,0,0,0,8
Calliostoma,bboxes,39,0,0,0,0,9
Carinaria japonica,images,0,0,0,0,0,0
Carinaria japonica,bboxes,0,0,0,0,0,0
Clio,images,18,0,0,0,0,2
Clio,bboxes,20,0,0,0,0,2
Corolla spectabilis,images,37,0,0,0,0,1
Corolla spectabilis,bboxes,52,0,0,0,0,1
Dendronotus patricki,images,1,0,0,0,0,0
Dendronotus patricki,bboxes,2,0,0,0,0,0
Gastropoda,images,150,5,12,0,29,80
Gastropoda,bboxes,365,7,41,0,42,153
Heterobranchia,images,0,1,0,0,0,0
Heterobranchia,bboxes,0,1,0,0,0,0
Neogastropoda,images,0,0,0,0,1,1
Neogastropoda,bboxes,0,0,0,0,1,1
Neptunea,images,48,2,3,0,13,14
Neptunea,bboxes,95,5,4,0,49,30
Neptunea amianta,images,0,0,0,0,0,1
Neptunea amianta,bboxes,0,0,0,0,0,3
Neptunea-Buccinum Complex,images,46,3,0,0,27,8
Neptunea-Buccinum Complex,bboxes,90,3,0,0,84,11
Nudibranchia,images,1,0,0,0,0,0
Nudibranchia,bboxes,1,0,0,0,0,0
Patellogastropoda,images,4,0,1,0,0,0
Patellogastropoda,bboxes,4,0,1,0,0,0
Pleurobranchaea,images,0,1,0,0,0,0
Pleurobranchaea,bboxes,0,1,0,0,0,0
Pleurobranchaea californica,images,4,0,0,0,3,18
Pleurobranchaea californica,bboxes,4,0,0,0,3,19
Provannidae,images,4,0,1,0,0,0
Provannidae,bboxes,29,0,9,0,0,0
Pteropoda,images,88,3,6,0,7,11
Pteropoda,bboxes,88,3,6,0,7,11
Retimohnia sp. A,images,1,0,0,0,0,0
Retimohnia sp. A,bboxes,10,0,0,0,0,0
Rubyspira,images,0,0,1,0,0,0
Rubyspira,bboxes,0,0,6,0,0,0
Rubyspira osteovora,images,0,3,1,0,0,0
Rubyspira osteovora,bboxes,0,13,6,0,0,0
Tenebrincola cukri,images,1,0,0,0,0,0
Tenebrincola cukri,bboxes,1,0,0,0,0,0
Thecosomata,images,13,0,0,0,0,1
Thecosomata,bboxes,13,0,0,0,0,1
Thliptodon,images,12,0,11,0,0,1
Thliptodon,bboxes,12,0,11,0,0,1
Tritonia,images,3,0,0,0,0,0
Tritonia,bboxes,3,0,0,0,0,0
Tritonia tetraquetra,images,8,0,0,0,3,6
Tritonia tetraquetra,bboxes,11,0,0,0,3,7
Ziminella vrijenhoeki,images,0,0,0,0,0,2
Ziminella vrijenhoeki,bboxes,0,0,0,0,0,2
Asteriidae,images,0,0,0,0,0,2
Asteriidae,bboxes,0,0,0,0,0,2
Asteroidea,images,422,81,28,0,86,187
Asteroidea,bboxes,695,151,39,0,209,281
Asteroidea sp. 1,images,0,0,0,0,1,4
Asteroidea sp. 1,bboxes,0,0,0,0,1,4
Asthenactis,images,4,0,0,0,0,0
Asthenactis,bboxes,5,0,0,0,0,0
Asthenactis fisheri,images,69,22,3,0,0,2
Asthenactis fisheri,bboxes,70,22,3,0,0,2
Asthenactis papyraceus,images,0,10,0,0,0,0
Asthenactis papyraceus,bboxes,0,10,0,0,0,0
Astropecten,images,0,0,0,0,0,1
Astropecten,bboxes,0,0,0,0,0,1
Benthopecten,images,4,0,0,0,0,1
Benthopecten,bboxes,7,0,0,0,0,1
Benthopecten claviger,images,3,0,0,0,0,0
Benthopecten claviger,bboxes,3,0,0,0,0,0
Benthopectinidae,images,2,0,0,0,0,0
Benthopectinidae,bboxes,3,0,0,0,0,0
Ceramaster,images,4,0,0,0,0,1
Ceramaster,bboxes,4,0,0,0,0,1
Crossaster,images,7,3,0,0,0,1
Crossaster,bboxes,7,4,0,0,0,1
Crossaster borealis,images,88,5,11,0,32,41
Crossaster borealis,bboxes,103,5,19,0,35,41
Dipsacaster,images,4,0,0,0,0,0
Dipsacaster,bboxes,4,0,0,0,0,0
Dipsacaster eximius,images,1,0,0,0,0,1
Dipsacaster eximius,bboxes,2,0,0,0,0,1
Dytaster gilberti,images,0,0,2,0,0,0
Dytaster gilberti,bboxes,0,0,2,0,0,0
Forcipulatacea,images,0,0,0,0,0,1
Forcipulatacea,bboxes,0,0,0,0,0,2
Forcipulatida,images,2,0,0,0,0,0
Forcipulatida,bboxes,2,0,0,0,0,0
Goniasteridae,images,5,0,0,0,0,1
Goniasteridae,bboxes,11,0,0,0,0,1
Henricia,images,4,1,0,0,1,2
Henricia,bboxes,5,1,0,0,1,2
Heterozonias alternatus,images,6,0,0,0,0,3
Heterozonias alternatus,bboxes,6,0,0,0,0,3
Hippasteria,images,35,0,3,0,22,23
Hippasteria,bboxes,52,0,3,0,26,27
Hippasteria californica,images,4,0,0,0,0,7
Hippasteria californica,bboxes,4,0,0,0,0,7
Hippasteria lepidonotus,images,7,0,0,0,1,2
Hippasteria lepidonotus,bboxes,8,0,0,0,1,2
Hymenaster,images,93,47,20,0,0,1
Hymenaster,bboxes,102,47,20,0,0,1
Hymenaster koehleri,images,1,2,6,0,0,0
Hymenaster koehleri,bboxes,1,2,6,0,0,0
Lophaster,images,51,2,0,0,0,0
Lophaster,bboxes,136,2,0,0,0,0
Lophaster furcilliger,images,0,0,6,0,0,1
Lophaster furcilliger,bboxes,0,0,19,0,0,1
Luidia foliolata,images,5,2,1,0,14,52
Luidia foliolata,bboxes,5,2,1,0,15,52
Mediaster,images,20,0,0,0,4,43
Mediaster,bboxes,27,0,0,0,5,57
Mediaster aequalis,images,13,2,1,0,10,83
Mediaster aequalis,bboxes,25,2,2,0,13,156
Mediaster tenellus,images,0,0,0,0,1,0
Mediaster tenellus,bboxes,0,0,0,0,1,0
Myxoderma,images,8,0,0,0,0,1
Myxoderma,bboxes,16,0,0,0,0,3
Myxoderma platyacanthum,images,15,0,2,0,2,15
Myxoderma platyacanthum,bboxes,40,0,7,0,2,25
Myxoderma sacculatum,images,5,0,0,0,0,0
Myxoderma sacculatum,bboxes,6,0,0,0,0,0
Patiria miniata,images,0,0,1,0,0,0
Patiria miniata,bboxes,0,0,6,0,0,0
Paulasterias mcclaini,images,1,0,0,0,0,0
Paulasterias mcclaini,bboxes,1,0,0,0,0,0
Paxillosida,images,1,0,0,0,0,0
Paxillosida,bboxes,1,0,0,0,0,0
Peribolaster biserialis,images,2,0,0,0,0,0
Peribolaster biserialis,bboxes,4,0,0,0,0,0
Poraniopsis,images,8,0,0,0,0,2
Poraniopsis,bboxes,10,0,0,0,0,3
Poraniopsis inflata,images,6,0,0,0,0,3
Poraniopsis inflata,bboxes,20,0,0,0,0,3
Pteraster,images,74,66,36,0,11,18
Pteraster,bboxes,74,68,36,0,12,18
Pterasteridae,images,140,8,0,0,0,30
Pterasteridae,bboxes,145,8,0,0,0,33
Pycnopodia helianthoides,images,0,0,0,0,2,2
Pycnopodia helianthoides,bboxes,0,0,0,0,2,2
Pythonaster,images,17,0,0,0,0,0
Pythonaster,bboxes,17,0,0,0,0,0
Pythonaster pacificus,images,9,0,5,0,0,0
Pythonaster pacificus,bboxes,9,0,5,0,0,0
Rathbunaster,images,8,1,0,0,1,8
Rathbunaster,bboxes,16,1,0,0,1,10
Rathbunaster californicus,images,159,59,23,0,238,476
Rathbunaster californicus,bboxes,418,78,29,0,379,886
Solaster,images,24,1,3,0,1,6
Solaster,bboxes,24,1,4,0,4,6
Solaster hypothrissus,images,24,15,1,0,0,1
Solaster hypothrissus,bboxes,24,16,1,0,0,1
Solasteridae,images,79,10,35,0,6,3
Solasteridae,bboxes,80,12,35,0,7,4
Stylasterias,images,0,0,0,0,0,2
Stylasterias,bboxes,0,0,0,0,0,2
Stylasterias forreri,images,33,4,3,0,28,73
Stylasterias forreri,bboxes,41,4,3,0,33,77
Thrissacanthias penicillatus,images,1,0,0,0,1,1
Thrissacanthias penicillatus,bboxes,2,0,0,0,1,1
Valvatida,images,0,0,0,0,0,0
Valvatida,bboxes,0,0,0,0,0,0
Zoroaster spinulosus,images,1,0,0,0,0,0
Zoroaster spinulosus,bboxes,1,0,0,0,0,0
Zoroasteridae,images,3,0,0,0,0,0
Zoroasteridae,bboxes,4,0,0,0,0,0
Antedonidae,images,6,1,0,0,0,0
Antedonidae,bboxes,18,5,0,0,0,0
Antedonoidea,images,15,1,7,0,0,0
Antedonoidea,bboxes,31,1,18,0,0,0
Antedonoidea sp. 1,images,4,0,0,0,0,6
Antedonoidea sp. 1,bboxes,8,0,0,0,0,7
Articulata,images,1,1,2,0,0,0
Articulata,bboxes,2,1,2,0,0,0
Bathycrinidae,images,1,3,0,0,0,0
Bathycrinidae,bboxes,1,4,0,0,0,0
Bathycrinus complanatus,images,5,0,0,0,0,0
Bathycrinus complanatus,bboxes,5,0,0,0,0,0
Bathymetrinae,images,6,0,0,0,0,0
Bathymetrinae,bboxes,11,0,0,0,0,0
Comatulida,images,16,8,1,0,1,14
Comatulida,bboxes,32,10,5,0,1,33
Crinoidea,images,62,23,13,0,0,6
Crinoidea,bboxes,93,50,18,0,0,9
Fariometra,images,1,0,0,0,0,0
Fariometra,bboxes,1,0,0,0,0,0
Fariometra parvula,images,12,0,1,0,0,0
Fariometra parvula,bboxes,21,0,1,0,0,0
Florometra serratissima,images,60,23,10,0,33,58
Florometra serratissima,bboxes,99,74,23,0,124,132
Hyocrinida,images,1,1,1,0,0,0
Hyocrinida,bboxes,1,1,2,0,0,0
Hyocrinidae,images,1,1,0,0,0,0
Hyocrinidae,bboxes,1,1,0,0,0,0
Pentametrocrinus paucispinulus,images,0,1,0,0,0,0
Pentametrocrinus paucispinulus,bboxes,0,1,0,0,0,0
Psathyrometra,images,0,0,0,0,0,2
Psathyrometra,bboxes,0,0,0,0,0,3
Psathyrometra fragilis,images,52,9,8,0,9,34
Psathyrometra fragilis,bboxes,131,28,37,0,16,67
Tonrometra,images,2,1,0,0,0,0
Tonrometra,bboxes,2,2,0,0,0,0
Abyssocucumis abyssorum,images,243,85,95,0,0,0
Abyssocucumis abyssorum,bboxes,267,100,104,0,0,0
Apostichopus,images,1,1,0,0,5,9
Apostichopus,bboxes,1,1,0,0,7,11
Apostichopus californicus,images,0,1,0,0,0,1
Apostichopus californicus,bboxes,0,1,0,0,0,1
Apostichopus leukothele,images,39,2,2,0,32,81
Apostichopus leukothele,bboxes,53,2,2,0,54,91
Benthodytes,images,0,0,1,0,0,0
Benthodytes,bboxes,0,0,1,0,0,0
Benthodytes sp. 1,images,4,0,0,0,0,0
Benthodytes sp. 1,bboxes,7,0,0,0,0,0
Benthothuria,images,2,4,0,0,0,0
Benthothuria,bboxes,2,4,0,0,0,0
Elpidia,images,225,0,0,0,0,0
Elpidia,bboxes,338,0,0,0,0,0
Elpidia sp. A,images,229,0,0,0,0,0
Elpidia sp. A,bboxes,284,0,0,0,0,0
Holothuria (Vaneyothuria) zacae,images,1,0,0,0,0,0
Holothuria (Vaneyothuria) zacae,bboxes,1,0,0,0,0,0
Holothuroidea,images,166,39,15,0,3,5
Holothuroidea,bboxes,257,50,20,0,3,9
Holothuroidea sp. 3,images,5,0,0,0,0,0
Holothuroidea sp. 3,bboxes,13,0,0,0,0,0
Holothuroidea sp. 4,images,3,0,0,0,0,0
Holothuroidea sp. 4,bboxes,3,0,0,0,0,0
Holothuroidea sp. 6,images,1,0,0,0,0,0
Holothuroidea sp. 6,bboxes,1,0,0,0,0,0
Laetmogone,images,2,1,0,0,0,0
Laetmogone,bboxes,11,1,0,0,0,0
Laetmogone wyvillethomsoni,images,0,1,0,0,0,0
Laetmogone wyvillethomsoni,bboxes,0,1,0,0,0,0
Laetmogonidae,images,0,4,0,0,0,0
Laetmogonidae,bboxes,0,7,0,0,0,0
Oneirophanta,images,1,0,3,0,0,0
Oneirophanta,bboxes,1,0,3,0,0,0
Oneirophanta mutabilis complex,images,112,16,22,0,0,0
Oneirophanta mutabilis complex,bboxes,114,16,22,0,0,0
Paelopatides,images,4,4,0,0,0,0
Paelopatides,bboxes,9,4,0,0,0,0
Paelopatides confundens,images,204,139,49,0,0,0
Paelopatides confundens,bboxes,316,150,50,0,0,0
Pannychia,images,58,17,4,0,1,2
Pannychia,bboxes,83,26,4,0,1,2
Pannychia moseleyi,images,383,133,47,0,123,46
Pannychia moseleyi,bboxes,597,244,55,0,176,67
Pannychia sp. 1,images,14,0,0,0,0,0
Pannychia sp. 1,bboxes,17,0,0,0,0,0
Peniagone,images,290,110,24,0,0,0
Peniagone,bboxes,411,117,24,0,0,0
Peniagone gracilis,images,459,0,2,0,0,0
Peniagone gracilis,bboxes,530,0,2,0,0,0
Peniagone papillata,images,179,2,19,0,0,0
Peniagone papillata,bboxes,190,2,19,0,0,0
Peniagone sp. 1,images,243,0,0,0,0,0
Peniagone sp. 1,bboxes,555,0,0,0,0,0
Peniagone sp. 2,images,169,3,1,0,0,0
Peniagone sp. 2,bboxes,178,5,1,0,0,0
Peniagone sp. A,images,824,2,18,0,0,0
Peniagone sp. A,bboxes,1208,2,23,0,0,0
Peniagone vitrea,images,164,0,0,0,0,0
Peniagone vitrea,bboxes,270,0,0,0,0,0
Peniagone vitrea- sp. 1 complex,images,190,0,0,0,0,0
Peniagone vitrea- sp. 1 complex,bboxes,244,0,0,0,0,0
Pseudostichopus mollis,images,7,1,5,0,0,0
Pseudostichopus mollis,bboxes,7,1,5,0,0,0
Psolidae,images,2,1,0,0,0,0
Psolidae,bboxes,10,2,0,0,0,0
Psolus,images,2,0,0,0,0,0
Psolus,bboxes,7,0,0,0,0,0
Psolus squamatus,images,230,11,13,0,120,257
Psolus squamatus,bboxes,876,12,53,0,476,860
Psychronaetes,images,0,2,0,0,0,0
Psychronaetes,bboxes,0,4,0,0,0,0
Psychropotes depressa,images,3,0,0,0,0,0
Psychropotes depressa,bboxes,3,0,0,0,0,0
Psychropotes sp. 1,images,69,12,15,0,0,0
Psychropotes sp. 1,bboxes,69,12,15,0,0,0
Psychropotidae,images,2,0,0,0,0,0
Psychropotidae,bboxes,2,0,0,0,0,0
Scotoplanes,images,37,8,1,0,0,2
Scotoplanes,bboxes,63,23,1,0,0,2
Scotoplanes clarki,images,3,8,0,0,0,0
Scotoplanes clarki,bboxes,4,8,0,0,0,0
Scotoplanes globosa,images,846,74,16,0,0,0
Scotoplanes globosa,bboxes,1094,204,17,0,0,0
Scotoplanes sp. A,images,290,2,2,0,4,4
Scotoplanes sp. A,bboxes,442,4,7,0,8,7
Synallactes,images,14,49,3,0,0,0
Synallactes,bboxes,17,54,3,0,0,0
Synallactidae,images,57,48,31,0,0,0
Synallactidae,bboxes,62,50,32,0,0,0
Synallactidae gen. et sp. indet.,images,124,11,18,0,0,0
Synallactidae gen. et sp. indet.,bboxes,132,12,18,0,0,0
Aporocidaris milleri,images,4,7,4,0,0,0
Aporocidaris milleri,bboxes,5,7,4,0,0,0
Brisaster,images,1,1,0,0,0,0
Brisaster,bboxes,18,1,0,0,0,0
Cystechinus giganteus,images,17,0,0,0,0,0
Cystechinus giganteus,bboxes,21,0,0,0,0,0
Cystechinus loveni,images,61,6,16,0,0,0
Cystechinus loveni,bboxes,65,9,16,0,0,0
Cystocrepis setigera,images,69,20,3,0,0,0
Cystocrepis setigera,bboxes,77,31,4,0,0,0
Echinidea,images,0,1,0,0,0,0
Echinidea,bboxes,0,1,0,0,0,0
Echinocrepis rostrata,images,79,6,32,0,0,0
Echinocrepis rostrata,bboxes,80,8,35,0,0,0
Echinoidea,images,8,2,1,0,0,2
Echinoidea,bboxes,10,2,2,0,0,2
Echinothuriidae,images,0,1,0,0,0,0
Echinothuriidae,bboxes,0,1,0,0,0,0
Strongylocentrotus,images,7,1,0,0,1,3
Strongylocentrotus,bboxes,21,10,0,0,1,6
Strongylocentrotus fragilis,images,1451,105,51,0,176,1579
Strongylocentrotus fragilis,bboxes,6931,596,193,0,889,5287
Tromikosoma,images,0,2,0,0,0,0
Tromikosoma,bboxes,0,2,0,0,0,0
Tromikosoma panamense,images,7,6,4,0,0,0
Tromikosoma panamense,bboxes,11,7,4,0,0,0
Acanthascinae,images,21,0,2,0,1,16
Acanthascinae,bboxes,44,0,2,0,1,28
Acanthascinae sp. 1-4 complex,images,7,0,0,0,2,0
Acanthascinae sp. 1-4 complex,bboxes,11,0,0,0,3,0
Acanthascinae sp. 2,images,0,0,0,0,0,7
Acanthascinae sp. 2,bboxes,0,0,0,0,0,7
Acanthascinae sp. 4,images,2,0,0,0,0,0
Acanthascinae sp. 4,bboxes,2,0,0,0,0,0
Bathydorus,images,2,0,0,0,0,0
Bathydorus,bboxes,3,0,0,0,0,0
Bathydorus laevis pseudospinosus,images,36,0,14,0,0,0
Bathydorus laevis pseudospinosus,bboxes,90,0,25,0,0,0
Bathydorus laniger,images,8,0,6,0,0,0
Bathydorus laniger,bboxes,8,0,7,0,0,0
Bathydorus sp. 1,images,2,0,1,0,0,0
Bathydorus sp. 1,bboxes,2,0,1,0,0,0
Bolosominae,images,0,0,0,0,0,0
Bolosominae,bboxes,0,0,0,0,0,0
Caulophacus,images,4,0,0,0,0,0
Caulophacus,bboxes,5,0,0,0,0,0
Chonelasma,images,5,5,0,0,0,0
Chonelasma,bboxes,5,5,0,0,0,0
Chonelasmatinae sp. 1,images,0,0,0,0,0,1
Chonelasmatinae sp. 1,bboxes,0,0,0,0,0,1
Corbitellinae,images,0,0,0,0,0,0
Corbitellinae,bboxes,0,0,0,0,0,0
Dictyocalyx,images,1,0,0,0,0,0
Dictyocalyx,bboxes,1,0,0,0,0,0
Docosaccus maculatus,images,13,0,2,0,0,0
Docosaccus maculatus,bboxes,14,0,2,0,0,0
Euplectellidae,images,19,0,3,0,0,0
Euplectellidae,bboxes,19,0,3,0,0,0
Farrea,images,273,2,3,0,1,1
Farrea,bboxes,668,2,4,0,1,1
Farrea occa,images,9,12,1,0,0,1
Farrea occa,bboxes,15,27,1,0,0,1
Farrea truncata complex,images,1,0,0,0,0,0
Farrea truncata complex,bboxes,1,0,0,0,0,0
Farreidae,images,0,0,0,0,0,0
Farreidae,bboxes,0,0,0,0,0,0
Heterochone,images,1,0,0,0,0,0
Heterochone,bboxes,1,0,0,0,0,0
Heterochone calyx,images,69,4,1,0,3,15
Heterochone calyx,bboxes,175,4,1,0,3,29
Hexactinella,images,5,0,1,0,0,0
Hexactinella,bboxes,10,0,2,0,0,0
Hexactinellida,images,173,20,23,0,4,66
Hexactinellida,bboxes,304,46,38,0,4,125
Hexactinellida sp. 1,images,3,0,1,0,0,0
Hexactinellida sp. 1,bboxes,4,0,1,0,0,0
Hexactinellida sp. 2,images,2,0,1,0,0,0
Hexactinellida sp. 2,bboxes,2,0,1,0,0,0
Hexactinellida sp. 3,images,5,1,0,0,0,0
Hexactinellida sp. 3,bboxes,6,1,0,0,0,0
Hexactinellida sp. 4,images,1,0,0,0,0,1
Hexactinellida sp. 4,bboxes,1,0,0,0,0,1
Hexactinellida sp. 5,images,0,0,0,0,0,1
Hexactinellida sp. 5,bboxes,0,0,0,0,0,1
Hexactinellida sp. 6,images,1,0,0,0,0,7
Hexactinellida sp. 6,bboxes,1,0,0,0,0,7
Hyalonema,images,28,1,2,0,0,0
Hyalonema,bboxes,39,1,2,0,0,0
Hyalonema (Corynonema) populiferum,images,57,0,0,0,0,0
Hyalonema (Corynonema) populiferum,bboxes,61,0,0,0,0,0
Hyalonema (Oonema) bianchoratum,images,105,4,67,0,0,0
Hyalonema (Oonema) bianchoratum,bboxes,116,4,80,0,0,0
Hyalonema sp. 1,images,1,0,0,0,0,0
Hyalonema sp. 1,bboxes,2,0,0,0,0,0
Hyalonematidae,images,11,0,0,0,0,0
Hyalonematidae,bboxes,12,0,0,0,0,0
Lyssacinosida sp. 1,images,3,0,1,0,0,0
Lyssacinosida sp. 1,bboxes,4,0,1,0,0,0
Regadrella,images,1,0,1,0,0,0
Regadrella,bboxes,1,0,1,0,0,0
Rossellidae,images,4,1,4,0,0,0
Rossellidae,bboxes,7,2,12,0,0,0
Sclerothamnopsis,images,1,0,0,0,0,0
Sclerothamnopsis,bboxes,2,0,0,0,0,0
Staurocalyptus,images,97,6,1,0,0,2
Staurocalyptus,bboxes,325,14,5,0,0,3
Staurocalyptus solidus,images,31,0,0,0,0,0
Staurocalyptus solidus,bboxes,31,0,0,0,0,0
yellow ruffled sponge,images,0,1,0,0,0,0
yellow ruffled sponge,bboxes,0,1,0,0,0,0
Calyptrophora,images,1,2,0,0,0,0
Calyptrophora,bboxes,1,2,0,0,0,0
Chrysogorgia,images,27,1,1,0,0,0
Chrysogorgia,bboxes,32,1,1,0,0,0
Chrysogorgia monticola,images,0,14,9,0,0,0
Chrysogorgia monticola,bboxes,0,14,10,0,0,0
Chrysogorgia pinnata,images,1,2,12,0,0,0
Chrysogorgia pinnata,bboxes,2,2,13,0,0,0
Chrysogorgiidae,images,0,0,0,0,0,0
Chrysogorgiidae,bboxes,0,0,0,0,0,0
Iridogorgia,images,0,0,0,0,0,0
Iridogorgia,bboxes,0,0,0,0,0,0
Isidella,images,60,4,1,0,0,4
Isidella,bboxes,111,5,1,0,0,9
Isidella tentaculum,images,44,5,0,0,0,2
Isidella tentaculum,bboxes,57,6,0,0,0,2
Isididae,images,623,18,16,0,0,4
Isididae,bboxes,666,21,20,0,0,4
Keratoisis,images,1331,124,79,0,1,2
Keratoisis,bboxes,1642,140,85,0,1,2
Lepidisis,images,15,3,0,0,0,0
Lepidisis,bboxes,18,3,0,0,0,0
Parastenella,images,40,1,0,0,0,0
Parastenella,bboxes,95,3,0,0,0,0
Primnoidae,images,5,0,2,0,0,0
Primnoidae,bboxes,6,0,2,0,0,0
Acanthogorgia,images,7,1,1,0,0,0
Acanthogorgia,bboxes,13,1,1,0,0,0
Gorgoniidae,images,1,0,0,0,0,0
Gorgoniidae,bboxes,1,0,0,0,0,0
Leptogorgia,images,4,1,0,0,0,1
Leptogorgia,bboxes,6,2,0,0,0,6
Plexauridae,images,1,0,0,0,0,0
Plexauridae,bboxes,3,0,0,0,0,0
Swiftia,images,34,6,3,0,8,16
Swiftia,bboxes,70,8,7,0,19,43
Swiftia kofoidi,images,30,3,2,0,5,33
Swiftia kofoidi,bboxes,61,7,5,0,14,60
Swiftia simplex,images,20,4,1,0,5,67
Swiftia simplex,bboxes,34,7,1,0,18,282
Corallium,images,4,3,11,0,0,0
Corallium,bboxes,4,4,15,0,0,0
Paragorgia,images,40,3,2,0,1,49
Paragorgia,bboxes,59,5,2,0,2,109
Paragorgia arborea,images,812,167,175,0,5,9
Paragorgia arborea,bboxes,1235,190,213,0,6,12
Paragorgiidae,images,5,11,1,0,17,13
Paragorgiidae,bboxes,13,20,1,0,31,22
Sibogagorgia,images,7,1,0,0,0,3
Sibogagorgia,bboxes,26,1,0,0,0,3
Sibogagorgia cauliflora,images,0,2,0,0,0,0
Sibogagorgia cauliflora,bboxes,0,2,0,0,0,0
Alcyoniidae,images,0,0,0,0,0,0
Alcyoniidae,bboxes,0,0,0,0,0,0
Bathyalcyon robustum,images,3,1,2,0,0,0
Bathyalcyon robustum,bboxes,4,1,2,0,0,0
Gersemia juliepackardae,images,96,11,7,0,0,4
Gersemia juliepackardae,bboxes,475,15,8,0,0,10
Heteropolypus,images,2,0,0,0,0,0
Heteropolypus,bboxes,7,0,0,0,0,0
Heteropolypus ritteri,images,157,37,10,0,57,98
Heteropolypus ritteri,bboxes,258,81,32,0,118,141
Clavularia,images,4,3,0,0,0,0
Clavularia,bboxes,25,26,0,0,0,0
Stolonifera,images,0,0,0,0,0,0
Stolonifera,bboxes,0,0,0,0,0,0
Acanthoptilum,images,3,2,0,0,28,64
Acanthoptilum,bboxes,5,2,0,0,46,133
Anthoptilum grandiflorum,images,7,0,0,0,1,8
Anthoptilum grandiflorum,bboxes,8,0,0,0,1,9
Anthoptilum lithophilum,images,0,1,0,0,0,0
Anthoptilum lithophilum,bboxes,0,9,0,0,0,0
Distichoptilum,images,1,0,0,0,0,0
Distichoptilum,bboxes,1,0,0,0,0,0
Distichoptilum gracile,images,2,1,0,0,0,0
Distichoptilum gracile,bboxes,2,1,0,0,0,0
Funiculina,images,96,10,2,0,63,164
Funiculina,bboxes,330,17,2,0,196,1061
Funiculina-Halipteris complex,images,17,4,2,0,9,36
Funiculina-Halipteris complex,bboxes,86,9,2,0,10,50
Halipteris californica,images,2,8,0,0,2,5
Halipteris californica,bboxes,5,26,0,0,2,9
Kophobelemnidae,images,2,0,0,0,0,0
Kophobelemnidae,bboxes,12,0,0,0,0,0
Kophobelemnon,images,3,0,0,0,0,0
Kophobelemnon,bboxes,5,0,0,0,0,0
Kophobelemnon sp. 1,images,4,1,0,0,0,0
Kophobelemnon sp. 1,bboxes,12,1,0,0,0,0
Pennatula,images,12,2,4,0,0,0
Pennatula,bboxes,18,8,4,0,0,0
Pennatula phosphorea,images,5,1,1,0,2,1
Pennatula phosphorea,bboxes,19,8,8,0,2,1
Pennatulacea,images,158,26,23,0,9,29
Pennatulacea,bboxes,323,58,62,0,16,65
Pennatulacea sp. 1,images,1,0,0,0,0,2
Pennatulacea sp. 1,bboxes,1,0,0,0,0,3
Pennatulidae,images,0,0,0,0,0,1
Pennatulidae,bboxes,0,0,0,0,0,1
Protoptilum,images,0,1,0,0,0,0
Protoptilum,bboxes,0,1,0,0,0,0
Protoptilum sp. 1,images,12,0,6,0,0,0
Protoptilum sp. 1,bboxes,37,0,9,0,0,0
Ptilosarcus,images,1,0,0,0,0,0
Ptilosarcus,bboxes,1,0,0,0,0,0
Ptilosarcus gurneyi,images,2,0,0,0,2,3
Ptilosarcus gurneyi,bboxes,3,0,0,0,2,4
Stylatula,images,0,0,0,0,0,1
Stylatula,bboxes,0,0,0,0,0,2
Umbellula,images,3,0,0,0,0,0
Umbellula,bboxes,3,0,0,0,0,0
Umbellula sp. 1,images,18,0,5,0,0,0
Umbellula sp. 1,bboxes,19,0,5,0,0,0
Umbellula sp. 2,images,128,14,12,0,72,218
Umbellula sp. 2,bboxes,193,14,12,0,90,450
Umbellulidae,images,1,0,0,0,0,0
Umbellulidae,bboxes,1,0,0,0,0,0
Virgularia,images,3,0,0,0,2,1
Virgularia,bboxes,6,0,0,0,2,1
Virgulariidae,images,3,0,0,0,0,2
Virgulariidae,bboxes,3,0,0,0,0,2
Desmophyllum,images,1,0,0,0,0,0
Desmophyllum,bboxes,1,0,0,0,0,0
Desmophyllum dianthus,images,2,0,0,0,0,0
Desmophyllum dianthus,bboxes,2,0,0,0,0,0
Fungiacyathus,images,1,0,0,0,0,0
Fungiacyathus,bboxes,1,0,0,0,0,0
Fungiacyathus (Bathyactis) marenzelleri,images,30,0,2,0,0,0
Fungiacyathus (Bathyactis) marenzelleri,bboxes,30,0,2,0,0,0
Scleractinia,images,16,1,0,0,0,0
Scleractinia,bboxes,71,1,0,0,0,0
Alternatipathes,images,4,1,0,0,0,0
Alternatipathes,bboxes,4,2,0,0,0,0
Antipatharia,images,1,1,0,0,0,0
Antipatharia,bboxes,1,1,0,0,0,0
Heteropathes,images,0,1,0,0,0,0
Heteropathes,bboxes,0,1,0,0,0,0
Lillipathes,images,7,0,0,0,0,0
Lillipathes,bboxes,8,0,0,0,0,0
Parantipathes,images,1,0,0,0,0,0
Parantipathes,bboxes,1,0,0,0,0,0
Schizopathidae,images,0,1,0,0,0,0
Schizopathidae,bboxes,0,1,0,0,0,0
Umbellapathes,images,0,0,0,0,0,0
Umbellapathes,bboxes,0,0,0,0,0,0
Brachyura,images,0,3,1,0,2,0
Brachyura,bboxes,0,3,1,0,4,0
Bythograea thermydron,images,0,3,0,0,0,0
Bythograea thermydron,bboxes,0,6,0,0,0,0
Cancridae,images,1,0,0,0,0,0
Cancridae,bboxes,1,0,0,0,0,0
Chionoecetes tanneri,images,498,73,65,0,280,139
Chionoecetes tanneri,bboxes,1111,110,72,0,417,181
Chorilia,images,22,0,1,0,0,2
Chorilia,bboxes,28,0,1,0,0,2
Chorilia longipes,images,40,7,0,0,8,7
Chorilia longipes,bboxes,52,9,0,0,8,8
Macroregonia macrochira,images,2,0,0,0,0,0
Macroregonia macrochira,bboxes,2,0,0,0,0,0
Majidae,images,6,0,0,0,1,0
Majidae,bboxes,7,0,0,0,3,0
Metacarcinus,images,1,0,0,0,0,0
Metacarcinus,bboxes,1,0,0,0,0,0
Metacarcinus magister,images,0,0,0,0,2,9
Metacarcinus magister,bboxes,0,0,0,0,2,9
Moloha faxoni,images,11,0,0,0,0,0
Moloha faxoni,bboxes,18,0,0,0,0,0
Lithodes couesi,images,3,0,0,0,0,0
Lithodes couesi,bboxes,4,0,0,0,0,0
Lithodidae,images,37,10,1,0,1,4
Lithodidae,bboxes,44,11,1,0,1,4
Lithodoidea,images,0,1,0,0,0,0
Lithodoidea,bboxes,0,1,0,0,0,0
Neolithodes diomedeae,images,13,1,0,0,0,0
Neolithodes diomedeae,bboxes,14,8,0,0,0,0
Paralithodes rathbuni,images,1,0,0,0,0,0
Paralithodes rathbuni,bboxes,1,0,0,0,0,0
Paralomis,images,63,9,5,0,2,7
Paralomis,bboxes,82,29,6,0,2,7
Paralomis cf. papillata,images,1,0,0,0,0,0
Paralomis cf. papillata,bboxes,1,0,0,0,0,0
Paralomis multispina,images,139,55,20,0,2,7
Paralomis multispina,bboxes,489,80,26,0,2,7
Paralomis verrilli,images,5,3,0,0,0,0
Paralomis verrilli,bboxes,8,3,0,0,0,0
Acanthephyra,images,52,3,10,0,0,0
Acanthephyra,bboxes,52,3,10,0,0,0
Caridea,images,124,16,4,0,1,17
Caridea,bboxes,211,43,7,0,1,29
Caridea sp. 2,images,1,0,0,0,0,0
Caridea sp. 2,bboxes,2,0,0,0,0,0
Eualus,images,0,0,0,0,1,0
Eualus,bboxes,0,0,0,0,1,0
Eualus macrophthalmus,images,6,0,0,0,0,22
Eualus macrophthalmus,bboxes,9,0,0,0,0,30
Glyphocrangon vicaria,images,10,0,0,0,0,0
Glyphocrangon vicaria,bboxes,10,0,0,0,0,0
Heterocarpus sp. 1,images,2,0,0,0,0,0
Heterocarpus sp. 1,bboxes,5,0,0,0,0,0
Pandalidae,images,32,2,0,0,1,2
Pandalidae,bboxes,60,3,0,0,2,2
Pandalopsis ampla,images,186,2,3,0,2,2
Pandalopsis ampla,bboxes,449,4,4,0,2,4
Pandalus,images,10,0,1,0,0,1
Pandalus,bboxes,14,0,2,0,0,1
Pandalus platyceros,images,39,5,0,0,12,31
Pandalus platyceros,bboxes,114,10,0,0,19,88
Pasiphaea,images,73,5,5,0,6,59
Pasiphaea,bboxes,76,6,5,0,6,61
Plesionika,images,3,0,0,0,0,0
Plesionika,bboxes,9,0,0,0,0,0
Plesionika sp. A,images,4,0,0,0,0,0
Plesionika sp. A,bboxes,4,0,0,0,0,0
Cerataspis monstrosus,images,3,0,0,0,0,0
Cerataspis monstrosus,bboxes,3,0,0,0,0,0
Eusergestes similis,images,488,7,34,0,47,196
Eusergestes similis,bboxes,498,7,36,0,48,208
Sergestidae,images,9,1,1,0,1,5
Sergestidae,bboxes,10,1,1,0,1,6
Sergestoidea,images,3,0,0,0,0,1
Sergestoidea,bboxes,3,0,0,0,0,1
Calocarides quinqueseriatus,images,1,0,0,0,0,0
Calocarides quinqueseriatus,bboxes,1,0,0,0,0,0
Chirostylidae,images,0,0,0,0,0,0
Chirostylidae,bboxes,0,0,0,0,0,0
Galatheidae,images,68,20,3,0,0,1
Galatheidae,bboxes,157,42,4,0,0,1
Galatheoidea,images,37,1,2,0,0,0
Galatheoidea,bboxes,89,3,2,0,0,0
Munida,images,12,2,0,0,0,1
Munida,bboxes,20,2,0,0,0,1
Munida bapensis,images,3,0,0,0,0,0
Munida bapensis,bboxes,3,0,0,0,0,0
Munida quadrispina,images,2,0,4,0,0,0
Munida quadrispina,bboxes,2,0,4,0,0,0
Munida sp. A,images,1,0,0,0,0,0
Munida sp. A,bboxes,1,0,0,0,0,0
Munididae,images,0,0,0,0,0,0
Munididae,bboxes,0,0,0,0,0,0
Munidopsidae,images,0,0,0,0,0,0
Munidopsidae,bboxes,0,0,0,0,0,0
Munidopsis,images,265,164,52,0,0,0
Munidopsis,bboxes,490,306,72,0,0,0
Munidopsis depressa,images,21,0,0,0,0,0
Munidopsis depressa,bboxes,23,0,0,0,0,0
Munidopsis kensmithi,images,55,2,9,0,0,0
Munidopsis kensmithi,bboxes,58,2,10,0,0,0
Munidopsis lignaria,images,0,1,0,0,0,0
Munidopsis lignaria,bboxes,0,1,0,0,0,0
Munidopsis recta,images,0,1,0,0,0,0
Munidopsis recta,bboxes,0,7,0,0,0,0
Munidopsis scotti,images,0,1,0,0,0,0
Munidopsis scotti,bboxes,0,1,0,0,0,0
Munidopsis sp. 1,images,20,0,0,0,0,0
Munidopsis sp. 1,bboxes,20,0,0,0,0,0
Pleuroncodes planipes,images,27,4,0,0,0,78
Pleuroncodes planipes,bboxes,33,4,0,0,0,108
Cirripedia,images,1,2,0,0,0,0
Cirripedia,bboxes,1,15,0,0,0,0
Scalpellidae,images,0,0,0,0,0,0
Scalpellidae,bboxes,0,0,0,0,0,0
Verum proximum,images,2,0,0,0,0,0
Verum proximum,bboxes,2,0,0,0,0,0
Colossendeidae,images,14,2,2,0,0,0
Colossendeidae,bboxes,14,2,2,0,0,0
Colossendeis,images,77,31,21,0,0,0
Colossendeis,bboxes,77,32,21,0,0,0
Pycnogonida,images,10,8,1,0,0,0
Pycnogonida,bboxes,13,9,1,0,0,0
Alciopidae,images,0,0,0,0,0,1
Alciopidae,bboxes,0,0,0,0,0,1
Anchinothria fissurata,images,1,0,0,0,0,0
Anchinothria fissurata,bboxes,1,0,0,0,0,0
Annelida,images,1,3,0,0,0,0
Annelida,bboxes,1,12,0,0,0,0
Biremis,images,1,0,0,0,0,0
Biremis,bboxes,1,0,0,0,0,0
Canalipalpata,images,0,1,0,0,0,0
Canalipalpata,bboxes,0,2,0,0,0,0
Chaetopterus pugaporcinus,images,1,0,0,0,0,0
Chaetopterus pugaporcinus,bboxes,1,0,0,0,0,0
Ctenophoricola,images,0,0,0,0,7,0
Ctenophoricola,bboxes,0,0,0,0,7,0
Echiura,images,13,0,0,0,0,0
Echiura,bboxes,17,0,0,0,0,0
Flabelligeridae,images,0,0,1,0,0,0
Flabelligeridae,bboxes,0,0,1,0,0,0
Harmothoe,images,0,0,0,0,0,1
Harmothoe,bboxes,0,0,0,0,0,1
Hirudinea,images,21,0,2,0,0,5
Hirudinea,bboxes,50,0,6,0,0,27
Lamellibrachia,images,2,8,0,0,4,0
Lamellibrachia,bboxes,4,11,0,0,16,0
Oasisia,images,1,0,0,0,0,0
Oasisia,bboxes,11,0,0,0,0,0
Osedax,images,0,1,2,0,1,0
Osedax,bboxes,0,18,2,0,6,0
Osedax frankpressi,images,0,21,1,0,0,0
Osedax frankpressi,bboxes,0,75,1,0,0,0
Paradiopatra,images,6,0,0,0,0,0
Paradiopatra,bboxes,11,0,0,0,0,0
Peinaleopolynoe orphanae,images,2,0,0,0,0,0
Peinaleopolynoe orphanae,bboxes,2,0,0,0,0,0
Phyllochaetopterus gigas,images,1,1,1,0,0,0
Phyllochaetopterus gigas,bboxes,4,1,4,0,0,0
Poeobius,images,42,0,0,1,0,26
Poeobius,bboxes,53,0,0,1,0,41
Poeobius meseres,images,536,89,39,3,112,118
Poeobius meseres,bboxes,554,101,41,3,114,123
Polychaeta,images,12,0,2,0,0,2
Polychaeta,bboxes,21,0,3,0,0,4
Polynoidae,images,12,5,0,0,0,0
Polynoidae,bboxes,12,7,0,0,0,0
Ridgeia,images,0,6,0,0,0,0
Ridgeia,bboxes,0,10,0,0,0,0
Riftia pachyptila,images,2,19,0,0,0,0
Riftia pachyptila,bboxes,12,58,0,0,0,0
Sabellida,images,3,3,1,0,0,0
Sabellida,bboxes,10,8,3,0,0,0
Sabellidae,images,8,0,1,0,0,2
Sabellidae,bboxes,28,0,3,0,0,2
Serpulidae,images,34,7,2,0,7,3
Serpulidae,bboxes,212,52,5,0,46,5
Siboglinidae,images,3,6,0,0,1,1
Siboglinidae,bboxes,10,16,0,0,2,2
Terebellidae,images,3,0,0,0,0,0
Terebellidae,bboxes,5,0,0,0,0,0
Tomopterid eggcase,images,8,0,0,0,0,0
Tomopterid eggcase,bboxes,8,0,0,0,0,0
Tomopteridae,images,12,0,1,0,0,0
Tomopteridae,bboxes,14,0,1,0,0,0
Tomopteris,images,1188,62,36,0,45,241
Tomopteris,bboxes,1244,62,36,0,45,241
Tomopteris nisseni,images,99,59,25,0,43,19
Tomopteris nisseni,bboxes,99,59,25,0,43,21
