,1988,1989,1990,1991,1992,1993,1994,1995,1996,1997,1998,1999,2000,2001,2002,2003,2004,2005,2006,2007,2008,2009,2010,2011,2012,2013,2014,2015,2016,2017,2018,2019
Actinauge verrillii,0,0,0,0,0,0,0,0,0,0,0,0,0,0,0,0,0,0,0,1,0,0,0,0,0,0,0,0,0,0,0,0
Actinernus,0,0,0,0,0,0,0,0,0,0,0,0,37,3,45,21,2,27,11,3,0,6,3,0,5,0,487,4,45,0,312,16
Actiniaria,0,0,0,2,6,16,0,0,0,0,0,1,112,25,51,100,24,86,87,27,24,131,33,188,40,446,404,84,141,105,26,114
Actiniidae,0,0,0,0,0,0,0,0,0,0,0,0,0,0,0,0,0,0,0,0,0,0,0,0,0,0,0,0,0,0,0,0
Actiniidae sp. 1,0,0,0,1,0,0,0,0,0,0,0,0,0,0,11,1,1,5,41,4,7,19,19,6,0,11,22,6,23,5,1,52
Actinoscyphia,0,0,0,0,0,0,0,0,0,0,0,0,0,0,0,0,0,1,1,0,0,0,0,0,0,0,0,0,0,0,0,0
Actinostolidae,0,0,0,0,0,0,0,0,0,0,0,0,0,0,0,0,0,1,0,0,0,1,1,6,0,0,0,2,1,2,0,6
Actinostoloidea,0,0,0,0,0,0,0,0,0,0,0,0,0,0,0,6,0,6,16,4,7,9,1,2,2,6,10,1,6,8,0,0
Bathyphellia,0,0,0,0,0,0,0,0,0,0,0,0,0,0,0,0,0,0,0,0,0,0,0,1,0,0,0,0,0,0,0,0
Bathyphellia australis,0,0,0,0,0,0,0,0,0,0,0,0,0,0,0,0,0,0,4,12,0,7,0,6,5,0,8,0,4,13,7,0
Bolocera,0,0,0,0,0,0,0,0,0,0,0,0,0,1,1,0,0,4,7,0,0,0,2,11,1,6,4,6,3,0,0,0
Bolocera kensmithi,0,0,0,0,0,0,0,0,0,0,0,0,0,0,1,0,0,18,1,8,0,4,0,4,0,1,4,6,2,4,2,0
Dofleinia,0,0,0,0,0,0,0,0,0,0,0,0,2,1,2,4,4,5,0,2,0,0,0,0,3,0,0,1,0,0,1,0
Exocoelactis,0,0,0,0,0,0,0,0,0,0,0,0,0,0,0,0,0,0,0,0,0,0,0,0,0,0,0,0,2,0,0,1
Hormathiidae,0,0,0,0,1,0,0,0,0,0,0,0,10,11,5,9,3,6,10,1,0,2,4,4,2,45,71,7,21,14,4,15
Hormathiidae sp. 1,0,0,0,0,0,0,0,0,0,0,0,0,0,0,0,0,0,3,1,1,13,17,20,5,1,17,11,4,3,0,1,0
Iosactis,0,0,0,0,0,0,0,0,0,0,0,0,0,0,0,0,0,0,0,0,0,0,0,0,0,0,0,9,0,0,0,0
Iosactis vagabunda,0,0,0,0,0,0,0,0,0,0,0,0,0,0,0,2,0,8,0,1,0,0,0,3,2,3,5,15,3,3,5,0
Isosicyonis,0,0,0,0,2,0,0,0,0,0,0,1,14,1,11,2,19,116,74,18,26,63,48,27,33,65,25,50,8,14,19,32
Liponema,0,0,0,0,0,0,0,0,0,0,0,0,1,0,0,12,0,4,0,2,0,1,5,0,0,0,8,0,0,1,1,0
Liponema brevicorne,0,0,0,2,0,0,0,0,0,0,0,2,106,19,70,60,67,49,31,23,35,6,41,13,7,42,137,35,11,17,93,99
Metridium farcimen,0,0,0,0,0,2,0,0,0,0,0,0,263,2,34,45,12,45,1,52,52,33,125,46,0,5,58,82,53,19,187,4
Ostiactis pearseae,0,0,0,0,0,0,0,0,0,0,0,0,0,0,0,0,0,0,0,0,0,0,0,0,0,21,0,0,0,0,14,0
Sicyonis,0,0,0,0,0,0,0,0,0,0,0,0,4,1,4,0,0,6,2,3,0,0,0,0,0,5,0,1,0,0,0,0
Sicyonis careyi,0,0,0,0,0,0,0,0,0,0,0,0,0,0,0,0,0,0,0,0,0,0,1,0,0,0,0,0,0,0,0,0
Stomphia,0,0,0,1,6,0,0,0,0,0,0,0,10,6,0,3,1,2,3,0,2,0,0,0,0,0,2,1,3,0,0,0
Stomphia didemon,0,0,0,0,0,0,0,0,0,0,0,0,0,0,4,4,0,0,0,0,0,3,1,0,0,0,11,2,9,0,0,0
Urticina,0,0,0,0,0,0,0,0,0,0,0,0,0,0,0,0,0,0,0,0,0,0,0,0,0,0,3,7,0,0,0,0
Acanthurus xanthopterus,0,0,0,0,0,0,0,0,0,0,0,0,0,0,0,0,0,0,0,0,0,0,0,0,0,0,0,0,0,0,0,0
Actinopterygii,0,0,0,0,0,0,0,0,0,0,0,0,0,1,2,0,0,4,1,1,3,11,7,7,5,4,6,5,1,1,1,3
Agonidae,0,0,0,0,0,0,0,0,0,0,0,0,0,0,0,0,1,0,0,1,1,0,0,0,0,0,2,0,0,0,0,0
Albatrossia,0,0,0,0,0,0,0,0,0,0,0,0,0,0,0,0,0,0,0,0,0,0,0,0,0,0,1,0,0,0,0,0
Albatrossia pectoralis,0,0,0,0,0,0,0,0,0,0,0,0,0,0,0,0,0,0,1,0,0,1,1,0,1,0,1,0,0,0,0,0
Alepisaurus ferox,0,0,0,0,0,0,0,0,0,0,0,0,0,0,0,0,0,0,0,0,0,0,0,0,0,0,16,0,0,0,0,0
Alepocephalus tenebrosus,0,0,0,0,0,0,0,0,0,0,0,0,0,0,0,0,0,0,0,1,0,0,1,0,0,1,0,0,0,1,0,0
Anarrhichthys ocellatus,0,0,0,0,0,0,0,0,0,0,0,2,2,0,0,0,0,0,0,0,0,0,0,1,0,0,0,0,0,0,0,0
Anoplogaster cornuta,0,0,0,0,0,0,0,0,0,0,0,0,0,0,0,0,59,0,0,0,10,0,0,0,1,0,39,0,0,0,18,0
Anoplopoma fimbria,0,0,0,0,0,0,0,0,0,0,0,0,3,3,7,4,6,29,20,3,4,8,5,4,1,27,6,6,8,4,22,17
Anotopterus nikparini,0,0,0,0,0,0,0,0,0,0,0,0,0,3,0,0,0,0,7,0,0,14,3,1,1,2,15,0,0,0,9,0
Antimora microlepis,0,0,0,0,0,0,0,0,0,0,0,0,19,18,44,15,39,35,36,21,4,24,7,16,10,23,19,32,14,5,1,8
Aphyonidae,0,0,0,0,0,0,0,0,0,0,0,0,0,1,0,0,0,0,0,0,0,0,0,0,0,0,0,0,0,0,0,0
Apogon pacificus,0,0,0,0,0,0,0,0,0,0,0,0,0,0,0,0,0,0,0,0,0,0,0,0,0,0,0,0,0,0,0,0
Bathylagidae,0,0,0,0,0,0,0,0,0,0,0,0,0,0,0,0,0,0,0,0,0,0,5,0,0,0,1,0,0,0,3,0
Bathylagus,0,0,0,0,0,0,0,0,0,0,0,0,0,0,0,0,0,0,0,0,0,1,0,0,0,1,0,0,0,0,0,0
Bathypterois,0,0,0,0,0,0,0,0,0,0,0,0,0,0,0,0,0,0,0,0,0,0,0,0,0,0,0,1,0,0,0,0
Bathypterois grallator,0,0,0,0,0,0,0,0,0,0,0,0,0,5,0,0,0,0,0,0,0,0,0,0,0,0,0,0,0,0,0,0
Bathypterois pectinatus,0,0,0,0,0,0,0,0,0,0,0,0,0,0,0,0,0,0,0,0,0,0,0,0,15,0,0,124,0,0,0,0
Bathysaurus mollis,0,0,0,0,0,0,0,0,0,0,0,0,1,13,4,0,11,10,18,6,0,2,0,0,0,1,1,0,0,2,1,0
Benthalbella,0,0,0,0,0,0,0,0,0,0,0,0,0,0,0,0,0,0,0,6,0,0,0,0,0,0,0,0,0,0,0,0
Bodianus diplotaenia,0,0,0,0,0,0,0,0,0,0,0,0,0,0,0,0,0,0,0,0,0,0,0,0,0,0,0,0,0,0,0,0
Bregmaceros bathymaster,0,0,0,0,0,0,0,0,0,0,0,0,0,0,0,0,0,0,0,0,0,0,0,0,0,0,0,6,0,0,0,0
Careproctus,0,0,0,0,0,0,0,0,0,0,0,0,0,0,0,0,0,0,3,1,0,1,1,1,0,1,3,0,2,4,0,0
Careproctus kamikawai,0,0,0,0,0,0,0,0,0,0,0,0,0,0,1,0,0,0,0,0,0,0,0,0,0,0,0,0,1,1,0,0
Careproctus melanurus,0,0,0,0,0,0,0,0,0,0,0,0,1,0,0,7,0,2,3,2,0,4,1,2,0,5,0,0,0,1,1,3
Careproctus ovigerus,0,0,0,0,0,0,0,0,0,0,0,0,0,0,0,0,0,0,0,0,0,0,0,0,0,0,0,1,0,0,0,0
Cataetyx,0,0,0,0,0,0,0,0,0,0,0,0,1,0,0,3,1,0,2,0,0,0,0,0,20,0,0,1,0,0,0,0
Cetostoma regani,0,0,0,0,0,0,0,0,0,0,0,0,0,0,0,0,1,0,5,0,0,0,0,0,0,7,8,0,0,0,0,0
Chaenophryne,0,0,0,0,0,0,0,0,0,0,0,0,0,0,0,0,0,1,0,0,32,1,0,0,0,0,0,0,0,0,0,0
Chaetodon humeralis,0,0,0,0,0,0,0,0,0,0,0,0,0,0,0,0,0,0,0,0,0,0,0,0,0,0,0,0,0,0,0,0
Chaunacops coloratus,0,0,0,0,0,0,0,0,0,0,0,0,0,0,5,0,0,0,0,0,0,0,62,0,0,0,0,0,0,0,0,0
Cherublemma emmelas,0,0,0,0,0,0,0,0,0,0,0,0,0,0,0,0,0,0,0,0,0,0,0,0,0,0,0,48,0,0,0,0
Chilara taylori,0,0,0,0,0,0,0,0,0,0,0,0,0,0,0,0,0,0,0,0,0,0,1,0,0,0,1,0,0,0,0,0
Chromis limbaughi,0,0,0,0,0,0,0,0,0,0,0,0,0,0,0,0,0,0,0,0,0,0,0,0,0,0,0,0,0,0,0,0
Coelorinchus doryssus,0,0,0,0,0,0,0,0,0,0,0,0,0,7,0,0,0,0,0,0,0,0,0,0,0,0,0,0,0,0,0,0
Coelorinchus scaphopsis,0,0,0,0,0,0,0,0,0,0,0,0,0,0,0,2,0,0,0,0,0,0,0,0,0,0,0,111,0,0,0,0
Coelorinchus spilonotus,0,0,0,0,0,0,0,0,0,0,0,0,0,3,0,0,0,0,0,0,0,0,0,0,0,0,0,0,0,0,0,0
Coryphaenoides,0,0,0,0,0,0,0,0,0,0,0,0,1,2,7,24,5,71,25,12,2,17,7,14,24,29,48,0,17,42,30,21
Coryphaenoides acrolepis,0,0,0,0,0,0,0,0,0,0,0,0,3,1,5,3,11,15,21,4,2,9,10,4,1,8,78,22,36,9,0,11
Coryphaenoides acrolepis-filifer complex,0,0,0,0,0,0,0,0,0,0,0,0,0,0,0,0,0,0,0,0,1,1,1,1,1,1,2,1,4,0,0,3
Coryphaenoides armatus-leptolepis-yaquinae complex,0,0,0,0,0,0,0,0,0,0,0,0,0,0,1,0,0,1,2,3,0,2,0,0,3,39,4,5,1,0,0,0
Coryphaenoides armatus-yaquinae complex,0,0,0,0,0,0,0,0,0,0,0,0,1,0,1,2,2,0,5,0,0,0,1,5,1,1,2,0,2,0,0,0
Coryphaenoides capito,0,0,0,0,0,0,0,0,0,0,0,0,0,0,0,0,0,0,0,0,0,0,0,0,0,0,0,6,0,0,0,0
Coryphaenoides filifer,0,0,0,0,0,0,0,0,0,0,0,0,0,1,0,0,0,0,2,0,0,0,0,1,0,0,1,0,0,0,1,0
Coryphaenoides leptolepis,0,0,0,0,0,0,0,0,0,0,0,0,1,2,0,0,0,2,0,2,0,0,0,0,2,0,0,0,0,1,0,0
Cyclothone,0,0,0,0,0,0,0,0,0,0,0,0,0,0,0,0,0,0,0,0,0,0,0,0,0,0,0,1,0,0,0,0
Cyclothone pallida,0,0,0,0,0,0,0,0,0,0,0,0,0,0,0,0,0,0,0,0,0,0,0,1,0,0,0,0,0,0,0,0
Cyema atrum,0,0,0,0,0,0,0,0,0,0,0,0,0,0,0,0,0,0,0,0,0,0,0,0,0,0,1,0,0,0,0,0
Desmodema lorum,0,0,0,0,0,0,0,0,0,0,0,0,0,0,0,0,0,0,0,0,0,0,0,0,0,0,44,0,0,0,0,0
Dibranchus,0,0,0,0,0,0,0,0,0,0,0,0,0,0,0,0,0,0,0,0,0,0,0,0,0,0,0,2,0,0,0,0
Dibranchus hystrix,0,0,0,0,0,0,0,0,0,0,0,0,0,0,0,6,0,0,0,0,0,0,0,0,0,0,0,185,0,0,0,0
Dibranchus sp. A,0,0,0,0,0,0,0,0,0,0,0,0,0,0,0,0,0,0,0,0,0,0,0,0,31,0,0,13,0,0,0,0
Dibranchus spinosus,0,0,0,0,0,0,0,0,0,0,0,0,0,0,0,0,0,0,0,0,0,0,0,0,4,0,0,25,0,0,0,0
Epinephelus labriformis,0,0,0,0,0,0,0,0,0,0,0,0,0,0,0,0,0,0,0,0,0,0,0,0,0,0,0,0,0,0,0,0
Eretmichthys pinnatus,0,0,0,0,0,0,0,0,0,0,0,0,0,0,0,0,0,0,0,0,0,0,0,0,0,0,0,2,0,0,0,0
Gadella jordani,0,0,0,0,0,0,0,0,0,0,0,0,0,0,0,0,0,0,0,0,0,0,0,0,0,0,0,18,0,0,0,0
Gadomus melanopterus,0,0,0,0,0,0,0,0,0,0,0,0,0,1,0,0,0,0,0,0,0,0,0,0,0,0,0,0,0,0,0,0
Gigantactis gargantua,0,0,0,0,0,0,0,0,0,0,0,0,0,0,0,0,0,0,0,0,0,0,0,0,30,0,0,0,0,0,0,0
Gobiidae,0,0,0,0,0,0,0,0,0,0,0,0,0,0,0,0,0,0,0,0,0,0,0,0,0,0,1,0,0,0,0,0
Holacanthus passer,0,0,0,0,0,0,0,0,0,0,0,0,0,0,0,0,0,0,0,0,0,0,0,0,0,0,0,0,0,0,0,0
Hollardia,0,0,0,0,0,0,0,0,0,0,0,0,0,8,0,0,0,0,0,0,0,0,0,0,0,0,0,0,0,0,0,0
Icelinus,0,0,0,0,0,0,0,0,0,0,0,0,0,0,0,0,0,0,0,0,0,0,0,3,0,0,0,0,0,0,0,0
Icelinus filamentosus,0,0,0,0,0,0,0,0,0,0,0,0,0,0,0,0,0,0,0,0,0,0,0,8,0,3,0,0,0,0,0,0
Icichthys lockingtoni,0,0,0,0,0,0,0,0,0,0,0,0,2,0,0,1,1,0,0,0,0,0,43,26,0,15,24,0,0,8,1,2
Icosteus aenigmaticus,0,0,0,0,0,0,0,0,0,0,0,0,0,0,0,3,0,0,0,0,3,0,1,4,0,2,1,0,0,0,0,0
Johnrandallia nigrirostris,0,0,0,0,0,0,0,0,0,0,0,0,0,0,0,0,0,0,0,0,0,0,0,0,0,0,0,0,0,0,0,0
Kali kerberti,0,0,0,0,0,0,0,0,0,0,0,0,0,0,0,0,0,0,0,20,0,0,0,26,0,0,0,0,0,1,2,0
Lepidion,0,0,0,0,0,0,0,0,0,0,0,0,0,0,5,0,0,0,0,0,0,0,0,0,0,0,0,0,7,0,0,0
Liopropoma fasciatum,0,0,0,0,0,0,0,0,0,0,0,0,0,0,0,0,0,0,0,0,0,0,0,0,0,0,0,0,0,0,0,0
Liopropoma longilepis,0,0,0,0,0,0,0,0,0,0,0,0,0,0,0,0,0,0,0,0,0,0,0,0,0,0,0,11,0,0,0,0
Liparidae,0,0,0,0,0,0,0,0,0,0,0,0,0,0,1,0,0,1,0,1,0,0,0,0,1,0,1,2,2,1,0,0
Lophiiformes,0,0,0,0,0,0,0,0,0,0,0,0,0,0,0,0,0,0,0,0,0,0,0,0,0,0,0,1,0,0,0,0
Lophiodes caulinaris,0,0,0,0,0,0,0,0,0,0,0,0,0,0,0,0,0,0,0,0,0,0,0,0,0,0,0,31,0,0,0,0
Lophiodes miacanthus,0,0,0,0,0,0,0,0,0,0,0,0,0,6,0,0,0,0,0,0,0,0,0,0,0,0,0,21,0,0,0,0
Luciobrotula,0,0,0,0,0,0,0,0,0,0,0,0,1,0,0,0,2,1,0,0,0,0,0,0,0,0,0,0,0,0,0,0
Luciobrotula sp. A,0,0,0,0,0,0,0,0,0,0,0,0,0,0,1,0,0,0,0,1,0,0,0,0,0,0,0,0,0,0,0,0
Lumpenus sagitta,0,0,0,0,0,0,0,0,0,0,0,0,0,0,0,0,0,0,1,1,0,0,0,0,0,3,0,0,0,0,0,0
Lutjanus argentiventris,0,0,0,0,0,0,0,0,0,0,0,0,0,0,0,0,0,0,0,0,0,0,0,0,0,0,0,0,0,0,0,0
Lutjanus guttatus,0,0,0,0,0,0,0,0,0,0,0,0,0,0,0,0,0,0,0,0,0,0,0,0,0,0,0,0,0,0,0,0
Macropinna microstoma,0,0,0,0,0,0,0,0,0,0,0,0,0,0,0,0,20,0,17,0,0,0,0,16,0,0,0,47,0,22,0,0
Macrouridae,0,0,0,0,0,0,0,0,0,0,0,0,15,16,14,29,9,29,3,6,3,9,3,5,10,17,41,193,12,8,16,3
Macrourinae,0,0,0,0,0,0,0,0,0,0,0,0,0,0,0,0,1,0,0,0,0,0,0,0,0,0,0,0,1,0,0,0
Macrourinae sp. 2,0,0,0,0,0,0,0,0,0,0,0,0,0,0,0,0,0,0,1,0,0,0,0,0,0,0,0,0,0,0,0,0
Melanocetus,0,0,0,0,0,0,0,0,0,0,0,0,0,0,0,0,0,0,0,0,0,0,0,0,0,0,66,0,0,0,0,0
Merluccius productus,0,0,0,0,0,0,4,0,0,31,10,3,28,98,30,11,323,314,116,84,78,344,42,429,39,995,212,64,252,836,97,148
Mola mola,0,0,0,0,0,0,0,0,0,0,0,0,0,0,0,0,139,0,13,0,0,0,1,0,0,0,1,0,1,1,9,7
Moridae,0,0,0,0,0,0,0,0,0,0,0,0,0,0,0,1,0,0,0,1,0,0,0,0,1,0,0,0,0,0,0,0
Myctophidae,0,0,0,0,0,0,0,0,0,0,0,0,0,0,1,0,1,0,1,0,0,17,0,0,0,0,2,0,0,0,1,0
Nezumia liolepis,0,0,0,0,0,0,0,0,0,0,0,0,0,0,0,0,0,0,0,0,0,0,0,0,0,0,0,2,0,0,0,1
Nezumia stelgidolepis,0,0,0,0,0,0,0,0,0,0,0,0,0,0,0,0,0,0,1,0,0,0,0,0,0,0,0,0,0,0,0,0
Oncorhynchus,0,0,0,0,0,0,0,0,0,0,0,0,0,0,0,0,0,0,0,0,0,3,0,0,0,0,0,0,0,0,0,0
Oneirodes acanthias,0,0,0,0,0,0,0,0,0,0,0,0,0,0,0,0,49,0,0,0,0,34,0,0,0,0,0,0,0,0,0,0
Ophidiidae,0,0,0,0,0,0,0,0,0,0,0,0,0,0,0,0,1,0,0,0,0,0,0,0,0,0,0,0,0,0,0,0
Ophiodon elongatus,0,0,0,0,0,0,0,0,0,0,0,0,5,0,0,0,0,0,0,0,2,0,2,0,0,2,6,0,0,0,0,0
Paralabrax auroguttatus,0,0,0,0,0,0,0,0,0,0,0,0,0,0,0,0,0,0,0,0,0,0,0,0,0,0,0,9,0,0,0,0
Paralepididae,0,0,0,0,0,0,0,0,0,0,0,0,0,0,0,0,0,0,0,0,0,0,1,0,0,0,0,0,0,0,0,1
Paraliparis,0,0,0,0,0,0,0,0,0,0,0,0,1,0,0,0,0,0,0,0,0,0,0,0,0,0,0,0,0,0,0,0
Paraliparis cephalus,0,0,0,0,0,0,0,0,0,0,0,0,0,0,0,0,0,3,0,0,0,0,1,0,0,1,1,4,5,2,0,4
Paraliparis sp. 1,0,0,0,0,0,0,0,0,0,0,0,0,0,0,0,0,0,0,0,1,0,0,0,0,0,0,0,0,0,0,0,0
Paranthias colonus,0,0,0,0,0,0,0,0,0,0,0,0,0,0,0,0,0,0,0,0,0,0,0,0,0,0,0,0,0,0,0,0
Parvilux,0,0,0,0,0,0,0,0,0,0,0,0,0,0,0,0,0,0,0,0,0,0,0,0,0,0,1,0,0,0,0,0
Physiculus,0,0,0,0,0,0,0,0,0,0,0,0,0,0,0,0,0,0,0,0,0,0,0,0,1,0,0,0,0,0,0,0
Physiculus nematopus,0,0,0,0,0,0,0,0,0,0,0,0,0,0,0,5,0,0,0,0,0,0,1,0,0,0,0,8,0,0,0,0
Physiculus nematopus-rastrelliger complex,0,0,0,0,0,0,0,0,0,0,0,0,0,0,0,0,0,0,0,0,0,0,0,0,0,0,0,57,0,0,0,0
Physiculus rastrelliger,0,0,0,0,0,0,0,0,0,0,0,0,0,0,0,0,0,0,0,0,0,0,0,0,0,0,0,110,0,0,0,0
Physiculus sp. 1,0,0,0,0,0,0,0,0,0,0,0,0,0,0,0,0,0,0,0,0,0,0,0,0,0,0,0,23,0,0,0,0
Physiculus sp. 2,0,0,0,0,0,0,0,0,0,0,0,0,0,0,0,0,0,0,0,0,0,0,0,0,0,0,0,0,0,0,0,0
Plectobranchus evides,0,0,0,0,0,0,0,0,0,0,0,0,0,0,0,0,0,0,0,0,0,2,0,0,0,0,0,0,0,0,0,0
Pontinus,0,0,0,0,0,0,0,0,0,0,0,0,0,0,0,0,0,0,0,0,0,0,0,0,0,0,0,4,0,0,0,0
Pontinus furcirhinus,0,0,0,0,0,0,0,0,0,0,0,0,0,0,0,0,0,0,0,0,0,0,0,0,0,0,0,6,0,0,0,0
Pontinus sierra,0,0,0,0,0,0,0,0,0,0,0,0,0,0,0,0,0,0,0,0,0,0,0,0,0,0,0,2,0,0,0,0
Porichthys mimeticus,0,0,0,0,0,0,0,0,0,0,0,0,0,0,0,0,0,0,0,0,0,0,0,0,0,0,0,10,0,0,0,0
Pristigenys serrula,0,0,0,0,0,0,0,0,0,0,0,0,0,0,0,0,0,0,0,0,0,0,0,0,0,0,0,0,0,0,0,0
Prognathodes falcifer,0,0,0,0,0,0,0,0,0,0,0,0,0,0,0,0,0,0,0,0,0,0,0,0,0,0,0,0,0,0,0,0
Pronotogrammus eos,0,0,0,0,0,0,0,0,0,0,0,0,0,0,0,0,0,0,0,0,0,0,0,0,0,0,0,10,0,0,0,0
Pseudobathylagus,0,0,0,0,0,0,0,0,0,0,0,0,0,0,0,0,0,0,0,0,0,0,0,0,0,0,0,0,0,1,0,0
Pseudobathylagus milleri,0,0,0,0,0,0,0,0,0,0,0,2,4,18,28,0,15,57,33,11,22,20,2,1,14,7,14,3,17,11,16,6
Psychrolutes phrictus,0,0,0,0,0,0,0,0,0,0,0,0,21,8,20,0,9,23,21,5,0,1,9,11,3,16,19,0,3,3,0,4
Psychrolutidae,0,0,0,0,0,0,0,0,0,0,0,0,0,0,0,0,0,0,0,0,0,0,0,0,1,0,0,0,0,2,0,0
Scopelarchus,0,0,0,0,0,0,0,0,0,0,0,0,0,0,0,0,0,0,0,0,0,0,0,0,12,0,0,33,0,0,0,0
Scorpaeniformes,0,0,0,0,0,0,0,0,0,0,0,0,0,0,0,0,0,0,0,0,0,0,0,0,0,0,0,0,0,0,0,1
Sebastes,0,1,0,4,2,0,1,0,0,0,2,0,7,4,45,34,9,61,26,22,20,29,85,75,22,16,100,58,28,31,0,17
Sebastes aleutianus-melanostictus complex,0,0,0,0,0,0,0,0,0,0,0,0,0,0,0,0,0,3,0,0,0,0,0,0,0,0,7,2,1,0,0,0
Sebastes auriculatus,0,0,0,0,0,0,0,0,0,0,0,0,0,0,0,0,0,0,0,0,0,0,0,0,0,0,0,0,1,0,0,0
Sebastes aurora,0,0,0,0,0,0,0,0,0,0,0,0,0,0,3,0,1,11,0,3,3,5,4,7,0,1,7,5,1,7,0,0
Sebastes babcocki,0,0,0,0,0,0,0,0,0,0,0,0,2,1,1,0,0,1,1,5,0,4,1,0,0,10,4,4,0,0,1,0
Sebastes borealis,0,0,0,0,0,0,0,0,0,0,0,0,0,0,0,0,0,0,2,0,0,0,0,0,0,0,0,0,0,0,0,0
Sebastes brevispinis,0,0,0,0,0,0,0,0,0,0,0,0,0,0,0,0,0,0,0,0,0,0,0,0,0,0,0,0,0,0,0,8
Sebastes caurinus,0,0,0,0,0,0,0,0,0,0,0,0,0,0,0,0,0,0,0,0,0,0,0,0,0,0,0,0,0,0,0,0
Sebastes chlorostictus,0,0,2,0,0,0,0,0,0,0,0,0,0,0,1,0,0,0,0,0,0,0,0,0,0,7,0,0,1,0,0,0
Sebastes cortezi,0,0,0,0,0,0,0,0,0,0,0,0,0,0,0,0,0,0,0,0,0,0,0,0,0,0,0,40,0,0,0,0
Sebastes crameri,0,0,0,0,0,0,0,0,0,0,0,1,0,0,4,0,0,0,0,0,0,0,0,0,0,0,0,0,0,0,0,0
Sebastes crameri-melanostomus complex,0,0,0,0,0,0,0,0,0,0,0,0,0,0,0,6,0,1,0,0,0,0,0,0,0,0,1,0,0,0,0,0
Sebastes diploproa,0,0,0,0,0,0,0,0,0,0,0,0,3,1,1,27,26,27,2,14,34,11,82,1,0,16,68,6,2,36,2,6
Sebastes elongatus,0,0,0,0,0,0,0,0,0,0,0,0,3,0,1,0,0,0,0,0,0,2,2,2,1,11,11,1,1,0,0,0
Sebastes ensifer,0,0,0,0,0,0,0,0,0,0,0,0,0,0,0,0,0,0,0,0,0,0,0,0,0,0,1,2,0,0,0,0
Sebastes entomelas,0,0,0,0,0,0,0,0,0,0,0,0,0,0,0,0,0,6,0,0,5,0,0,0,0,0,4,0,0,0,0,0
Sebastes flavidus,0,0,0,0,0,0,0,0,0,0,0,0,1,0,0,0,0,5,0,0,0,0,0,6,0,0,1,0,0,0,0,0
Sebastes goodei,0,0,0,0,0,0,0,0,0,0,0,0,0,0,0,0,0,0,0,2,0,0,1,3,0,0,0,1,0,0,0,0
Sebastes jordani,0,0,0,0,0,0,0,0,0,0,0,0,1,0,0,0,1,1,0,2,0,3,6,15,0,0,10,3,2,0,0,0
Sebastes levis,0,0,0,0,0,0,0,0,0,0,0,0,0,0,0,0,0,0,0,0,0,1,0,1,0,1,7,0,0,0,0,0
Sebastes macdonaldi,0,0,0,0,0,0,0,0,0,0,0,0,0,0,0,0,0,0,0,0,0,0,0,0,0,0,0,13,0,0,0,0
Sebastes maliger,0,0,0,0,0,0,0,0,0,0,0,1,0,0,0,0,0,0,0,0,0,0,0,0,0,0,0,0,0,0,0,0
Sebastes melanostomus,0,0,0,0,0,0,0,0,0,0,0,0,0,0,5,2,2,13,8,11,1,4,14,2,2,0,20,35,5,10,0,6
Sebastes miniatus,0,0,0,0,0,0,0,0,0,0,0,0,0,0,0,0,0,0,0,0,0,0,6,0,0,0,1,0,0,0,0,0
Sebastes miniatus-pinniger complex,0,0,0,0,0,0,0,0,0,0,0,0,0,0,0,0,0,0,0,0,0,0,0,1,0,0,3,0,0,0,0,0
Sebastes mystinus,0,0,0,0,0,0,0,0,0,0,0,3,0,0,0,0,0,0,0,0,0,0,0,0,0,0,1,0,0,0,0,0
Sebastes ovalis,0,0,0,0,0,0,0,0,0,0,0,0,0,0,0,0,0,0,0,2,1,0,0,2,0,0,0,0,0,0,0,0
Sebastes paucispinis,0,0,0,0,0,0,0,0,0,0,0,0,0,0,0,0,0,0,0,0,1,3,1,0,0,0,4,0,0,0,0,0
Sebastes phillipsi,0,1,0,0,0,0,0,0,0,0,0,0,0,0,0,0,0,0,0,0,0,0,0,0,0,0,1,0,0,0,0,2
Sebastes pinniger,0,0,0,0,0,0,0,0,0,0,0,0,0,0,0,0,0,7,0,0,1,0,0,3,0,0,0,0,0,0,0,0
Sebastes rosenblatti,0,0,0,0,0,0,0,0,0,0,0,0,0,0,0,0,0,0,0,0,1,0,0,0,0,0,0,0,0,0,0,0
Sebastes ruberrimus,0,0,0,0,0,0,0,0,0,0,0,0,2,0,3,0,0,1,4,0,0,0,0,0,0,0,16,1,12,0,0,0
Sebastes rubrivinctus,0,0,0,0,0,0,0,0,0,0,0,0,0,0,0,0,0,3,1,0,1,0,3,2,0,0,2,0,3,0,0,0
Sebastes rufus,0,0,0,0,0,0,0,0,0,0,0,0,0,0,0,0,0,1,0,0,2,4,7,0,0,0,2,0,0,0,0,0
Sebastes saxicola,0,0,0,2,0,0,0,0,0,0,0,0,0,0,0,0,0,2,0,3,2,6,3,0,1,1,10,1,2,3,0,0
Sebastes semicinctus,0,0,0,0,0,0,0,0,0,0,0,0,0,0,2,0,0,0,0,0,0,0,5,0,0,0,1,2,0,0,0,0
Sebastes serranoides,0,0,0,0,0,0,0,0,0,0,0,1,8,0,0,0,0,0,0,0,0,0,0,0,0,0,0,0,0,0,0,0
Sebastes simulator,0,0,0,0,0,0,0,0,0,0,0,0,0,0,0,0,0,0,0,0,0,1,0,1,0,0,0,0,0,0,0,0
Sebastes zacentrus,0,0,0,0,0,0,0,0,0,0,0,0,0,0,0,0,0,1,0,0,0,0,0,0,0,11,0,0,0,0,0,0
Sebastidae,0,0,0,0,0,0,0,0,0,0,0,0,0,0,0,0,1,0,0,0,0,1,0,3,0,1,1,0,0,0,1,1
Sebastolobinae,0,0,0,0,0,0,0,0,0,0,0,0,0,0,0,0,0,0,0,0,0,0,0,0,0,0,1,0,0,0,0,0
Sebastolobus,0,0,0,5,27,5,0,0,0,0,1,10,114,34,67,144,42,163,115,61,54,188,98,120,39,185,233,57,294,257,143,552
Sebastolobus alascanus,0,0,0,0,0,0,0,0,0,0,0,0,0,0,1,0,0,1,2,1,1,3,0,4,2,7,4,1,1,6,0,0
Sebastolobus altivelis,0,0,0,5,0,0,0,0,0,0,0,0,0,0,0,2,0,3,25,7,1,3,1,0,0,3,6,2,17,11,0,2
Sebastomus complex,0,0,0,1,0,0,0,0,0,0,0,1,0,1,6,0,1,7,3,1,0,6,6,4,1,3,7,21,1,0,0,0
Seriola rivoliana,0,0,0,0,0,0,0,0,0,0,0,0,0,0,0,0,0,0,0,0,0,0,0,0,0,0,0,0,0,0,0,0
Serranus psittacinus,0,0,0,0,0,0,0,0,0,0,0,0,0,0,0,0,0,0,0,0,0,0,0,0,0,0,0,0,0,0,0,0
Spectrunculus grandis,0,0,0,0,0,0,0,0,0,0,0,0,0,0,1,0,1,0,0,0,0,0,0,0,0,1,0,0,0,0,0,0
Stegastes rectifraenum,0,0,0,0,0,0,0,0,0,0,0,0,0,0,0,0,0,0,0,0,0,0,0,0,0,0,0,0,0,0,0,0
Stenobrachius leucopsarus,0,0,0,0,0,0,0,0,0,0,0,0,0,0,0,0,0,0,0,0,0,3,0,0,0,0,1,0,0,0,0,0
Sternoptyx diaphana,0,0,0,0,0,0,0,0,0,0,0,0,0,0,0,0,0,0,0,0,0,0,1,0,0,0,0,0,0,0,0,0
Sufflamen verres,0,0,0,0,0,0,0,0,0,0,0,0,0,0,0,0,0,0,0,0,0,0,0,0,0,0,0,0,0,0,0,0
Synodus lacertinus,0,0,0,0,0,0,0,0,0,0,0,0,0,0,0,0,0,0,0,0,0,0,0,0,0,0,0,0,0,0,0,0
Tactostoma macropus,0,0,0,0,0,0,0,0,0,0,0,0,0,0,0,0,0,0,1,1,0,0,0,0,0,0,0,0,0,0,0,0
Tarletonbeania,0,0,0,0,0,0,0,0,0,0,0,0,0,0,0,0,0,0,0,0,0,1,0,0,0,0,0,0,0,0,0,0
Trachipterus altivelis,0,0,0,51,0,0,0,0,0,0,0,0,0,0,0,0,0,0,0,0,0,0,0,8,0,0,0,0,6,20,0,2
Xeneretmus,0,0,0,0,0,0,0,0,0,0,0,0,0,0,0,0,0,0,0,0,0,2,0,0,0,1,2,0,0,0,0,0
Xeneretmus latifrons,0,0,0,0,0,0,0,0,0,0,0,0,0,0,0,0,1,0,0,0,0,1,1,5,0,2,12,0,0,0,0,0
Zanclus cornutus,0,0,0,0,0,0,0,0,0,0,0,0,0,0,0,0,0,0,0,0,0,0,0,0,0,0,0,0,0,0,0,0
Zaniolepis frenata,0,0,0,0,0,0,0,0,0,0,0,0,0,0,0,0,0,0,0,0,0,0,0,0,0,0,1,0,0,0,0,0
Zaniolepis latipinnis,0,0,0,0,0,0,0,0,0,0,0,0,0,0,0,0,0,0,0,0,0,0,2,0,0,0,1,1,0,0,0,0
Anguilliformes,0,0,0,0,0,0,0,0,0,0,0,0,0,0,0,0,0,1,0,1,0,0,0,0,0,0,0,2,0,0,0,0
Bathycongrus macrurus,0,0,0,0,0,0,0,0,0,0,0,0,0,0,0,0,0,0,0,0,0,0,0,0,0,0,0,33,0,0,0,0
Gnathophis cinctus,0,0,0,0,0,0,0,0,0,0,0,0,0,0,0,0,0,0,0,0,0,0,0,0,0,0,0,14,0,0,0,0
Gymnothorax berndti,0,0,0,0,0,0,0,0,0,0,0,0,0,10,0,0,0,0,0,0,0,0,0,0,0,0,0,0,0,0,0,0
Leptocephalus-2,0,0,0,0,0,0,0,0,0,0,0,0,0,0,0,9,0,0,0,0,0,0,0,3,0,0,0,7,0,0,0,0
Muraena argus,0,0,0,0,0,0,0,0,0,0,0,0,0,0,0,0,0,0,0,0,0,0,0,0,0,0,0,0,0,0,0,0
Nemichthyidae,0,0,0,0,0,0,0,0,0,0,0,0,0,0,0,1,0,0,0,0,0,0,1,0,0,0,0,0,0,0,0,0
Nettastoma parviceps,0,0,0,0,0,0,0,0,0,0,0,0,0,0,5,0,0,0,0,0,0,0,0,0,0,0,0,17,0,0,10,0
Ophichthus frontalis,0,0,0,0,0,0,0,0,0,0,0,0,0,0,0,0,0,0,0,0,0,0,0,0,0,0,0,10,0,0,0,0
Serrivomer,0,0,0,0,0,0,0,0,0,0,0,0,0,1,0,0,0,0,0,0,0,0,2,0,0,0,0,0,0,0,0,0
Synaphobranchidae,0,0,0,0,0,0,0,0,0,0,0,0,0,1,0,0,0,0,8,0,0,0,0,0,0,0,0,0,1,1,0,0
Eptatretus,0,0,0,0,3,0,0,0,0,0,0,0,4,10,3,3,6,25,23,9,5,12,15,27,2,29,20,7,10,9,5,16
Eptatretus sinus,0,0,0,0,0,0,0,0,0,0,0,0,0,0,0,0,0,0,0,0,0,0,0,0,0,0,0,1,0,0,0,0
Bothrocara brunneum,0,0,0,0,0,0,0,0,0,0,0,0,0,0,0,0,0,0,1,1,0,1,0,1,0,1,1,0,0,0,0,1
Eucryphycus californicus,0,0,0,0,0,0,0,0,0,0,0,0,0,0,0,0,0,0,0,2,0,0,0,0,0,0,0,0,0,0,0,0
Lycenchelys,0,0,0,1,3,0,0,0,0,0,0,0,4,1,3,13,7,22,27,20,9,8,2,18,2,7,15,63,4,6,10,24
Lycenchelys crotalinus,0,0,0,0,0,0,0,0,0,0,0,1,0,0,1,0,0,2,6,0,0,7,2,1,0,1,1,3,6,3,0,6
Lycenchelys sp. 1,0,0,0,0,0,0,0,0,0,0,0,0,0,0,0,0,0,3,2,0,1,0,0,1,0,1,2,1,0,0,1,0
Lycodapus,0,0,0,0,0,0,0,0,0,0,0,0,0,0,0,0,0,0,0,1,1,3,0,0,0,1,0,1,0,1,0,1
Lycodapus fierasfer,0,0,0,0,0,0,0,0,0,0,0,0,0,0,0,0,0,0,18,2,2,3,3,1,0,2,3,10,3,1,2,3
Lycodapus mandibularis,0,0,0,0,0,0,0,0,0,0,0,0,0,0,0,0,0,0,0,0,0,0,0,0,0,0,0,0,0,0,0,1
Lycodes,0,0,0,0,0,0,0,0,0,0,1,0,0,0,2,0,1,2,0,0,1,1,0,5,0,0,3,1,3,2,0,0
Lycodes brevipes,0,0,0,0,0,0,0,0,0,0,0,0,0,0,0,0,0,0,0,0,0,1,0,0,0,0,0,0,0,0,0,3
Lycodes cortezianus,0,0,0,0,0,0,0,0,0,0,0,0,3,0,0,1,6,7,3,4,5,1,8,6,0,1,34,6,3,18,0,19
Lycodes diapterus,0,0,0,1,0,0,0,0,0,0,0,0,0,0,0,4,4,14,9,3,1,8,1,7,0,4,41,21,29,28,4,2
Lycodes pacificus,0,0,0,0,0,0,0,0,0,0,0,0,0,0,0,0,0,0,0,0,0,0,0,1,0,0,4,4,1,2,0,2
Lycodinae,0,0,0,0,0,0,0,0,0,0,0,0,0,0,0,0,0,1,0,0,0,2,0,2,0,0,0,1,0,0,0,2
Melanostigma pammelas,0,0,0,0,0,0,0,0,0,0,0,0,0,0,0,0,0,0,0,0,0,0,0,1,0,0,0,0,0,0,0,0
Pachycara,0,0,0,0,0,0,0,0,0,0,0,0,0,0,0,0,0,1,0,1,0,0,1,0,0,0,0,0,0,0,0,0
Pachycara bulbiceps,0,0,0,0,0,0,0,0,0,0,0,0,0,0,0,0,0,0,18,0,0,2,0,0,2,0,0,0,0,0,0,0
Thermarces cerberus,0,0,0,0,0,0,0,0,0,0,0,0,0,0,0,0,0,0,0,0,0,0,0,0,0,0,0,3,0,0,0,0
Zoarcidae,0,0,0,0,0,0,0,0,0,0,0,0,0,1,2,1,1,0,1,0,1,1,0,0,2,0,0,2,3,0,0,0
Aeolidiidae sp. 1,0,0,0,0,0,0,0,0,0,0,0,0,0,0,0,0,0,0,0,0,0,0,0,0,0,0,0,0,0,0,2,0
Akoya,0,0,0,0,0,0,0,0,0,0,0,0,0,0,0,0,0,0,0,0,0,0,0,0,0,0,0,0,0,0,0,2
Akoya platinum,0,0,0,0,0,0,0,0,0,0,0,0,0,0,1,0,0,4,0,0,2,0,0,2,0,0,3,0,7,4,1,3
Bathybembix,0,0,0,0,0,0,0,0,0,0,0,0,0,0,0,0,0,0,0,0,0,0,2,0,8,7,4,0,0,0,0,0
Bathydoris aioca,0,0,0,0,0,0,0,0,0,0,0,0,0,0,0,0,0,1,0,0,0,0,0,0,0,0,0,0,0,0,0,0
Buccinidae,0,0,0,0,0,0,0,0,0,0,0,0,0,0,0,0,0,0,2,0,0,1,0,0,0,0,8,0,0,0,0,0
Caenogastropoda,0,0,0,0,0,0,0,0,0,0,0,0,0,0,0,0,0,13,0,0,0,20,0,0,0,0,0,0,0,0,0,0
Calliostoma,0,0,0,0,0,0,0,0,0,0,0,0,0,0,0,0,0,0,0,0,0,4,0,14,0,4,17,0,1,1,7,0
Carinaria japonica,0,0,0,0,0,0,0,0,0,0,0,0,0,0,0,0,0,0,0,0,0,0,0,0,0,0,0,0,0,0,0,0
Clio,0,0,0,0,0,0,0,0,0,0,0,0,0,0,0,0,0,0,0,0,0,0,0,0,0,0,0,0,2,0,0,0
Corolla spectabilis,0,0,0,0,0,0,0,0,0,0,0,0,0,0,0,0,0,0,0,0,0,0,0,0,0,0,0,0,0,5,0,0
Dendronotus patricki,0,0,0,0,0,0,0,0,0,0,0,0,0,0,0,0,0,0,0,0,0,2,0,0,0,0,0,0,0,0,0,0
Gastropoda,0,0,0,0,1,0,0,0,0,0,0,0,2,1,9,11,3,17,32,41,8,95,24,29,20,62,62,36,64,34,31,59
Heterobranchia,0,0,0,0,0,0,0,0,0,0,0,0,1,0,0,0,0,0,0,0,0,0,0,0,0,0,0,0,0,0,0,0
Neogastropoda,0,0,0,0,0,0,0,0,0,0,0,0,0,0,0,1,0,0,0,0,0,0,0,0,0,1,0,0,0,0,0,0
Neptunea,0,0,0,0,0,0,0,0,0,0,0,3,0,0,10,0,1,70,11,2,0,16,19,25,0,33,6,5,12,0,1,16
Neptunea amianta,0,0,0,0,0,0,0,0,0,0,0,0,0,0,0,0,0,0,0,0,0,0,0,0,0,0,0,0,3,0,0,0
Neptunea-Buccinum Complex,0,0,0,0,0,0,0,0,0,0,0,0,52,1,2,5,2,12,6,12,3,2,4,26,0,2,13,0,11,2,5,44
Nudibranchia,0,0,0,0,0,0,0,0,0,0,0,0,0,0,0,0,0,0,0,0,0,0,0,0,0,1,0,0,0,0,0,0
Patellogastropoda,0,0,0,0,0,0,0,0,0,0,0,0,0,0,0,0,0,0,1,0,0,0,0,0,0,0,3,0,0,0,0,1
Pleurobranchaea,0,0,0,0,0,0,0,0,0,0,0,0,1,0,0,0,0,0,0,0,0,0,0,0,0,0,0,0,0,0,0,0
Pleurobranchaea californica,0,0,0,0,0,0,0,0,0,0,0,1,0,1,0,0,0,1,0,0,1,0,2,1,0,1,10,2,4,3,0,0
Provannidae,0,0,0,0,0,0,0,0,0,0,0,0,0,0,0,0,0,0,0,9,0,29,0,0,0,0,0,0,0,0,0,0
Pteropoda,0,0,0,0,0,0,0,0,0,0,0,0,1,1,0,4,0,4,0,6,0,2,0,2,4,4,9,50,0,2,6,5
Retimohnia sp. A,0,0,0,0,0,0,0,0,0,0,0,0,0,0,0,0,0,0,0,0,0,0,0,0,0,0,0,0,10,0,0,0
Rubyspira,0,0,0,0,0,0,0,0,0,0,0,0,0,0,0,0,0,6,0,0,0,0,0,0,0,0,0,0,0,0,0,0
Rubyspira osteovora,0,0,0,0,0,0,0,0,0,0,0,0,0,0,0,0,13,6,0,0,0,0,0,0,0,0,0,0,0,0,0,0
Tenebrincola cukri,0,0,0,0,0,0,0,0,0,0,0,0,0,0,0,0,0,0,0,0,0,0,0,0,0,0,1,0,0,0,0,0
Thecosomata,0,0,0,0,0,0,0,0,0,0,0,0,0,0,0,0,0,0,0,0,0,0,0,0,0,0,4,0,0,0,0,0
Thliptodon,0,0,0,0,0,0,0,0,0,0,0,0,0,0,0,0,0,0,11,0,0,0,0,0,3,2,3,0,0,0,4,0
Tritonia,0,0,0,0,0,0,0,0,0,0,0,0,0,0,0,0,0,0,0,1,1,0,0,0,0,0,0,0,2,1,0,0
Tritonia tetraquetra,0,0,0,0,2,0,0,0,0,0,0,0,0,0,0,0,0,1,2,2,0,0,3,0,2,0,7,1,1,3,1,0
Ziminella vrijenhoeki,0,0,0,0,0,0,0,0,0,0,0,0,0,0,0,0,0,0,0,0,0,0,2,0,0,0,0,0,0,0,0,0
Asteriidae,0,0,0,0,0,0,0,0,0,0,0,0,0,0,0,0,0,0,0,0,0,2,0,0,0,0,0,0,0,0,0,0
Asteroidea,0,0,0,4,3,0,1,0,0,2,0,2,39,6,28,140,32,100,47,13,14,64,48,114,30,86,162,34,98,173,66,120
Asteroidea sp. 1,0,0,0,0,0,0,0,0,0,0,0,0,0,0,0,0,0,1,0,1,0,0,0,0,0,0,3,0,0,1,0,0
Asthenactis,0,0,0,0,0,0,0,0,0,0,0,0,0,0,0,0,0,0,0,0,0,0,0,0,0,0,5,0,0,0,0,1
Asthenactis fisheri,0,0,0,2,0,0,0,0,0,0,0,0,1,0,0,5,7,9,3,0,0,0,1,0,1,0,19,1,20,12,9,12
Asthenactis papyraceus,0,0,0,0,0,0,0,0,0,0,0,0,0,10,0,0,0,0,0,0,0,0,0,0,0,0,0,0,0,0,0,0
Astropecten,0,0,0,0,0,0,0,0,0,0,0,0,0,0,0,0,0,0,0,0,0,0,0,0,0,0,0,1,0,0,0,0
Benthopecten,0,0,0,0,0,0,0,0,0,0,0,0,0,0,0,0,0,0,0,0,0,0,1,0,0,0,0,0,0,0,6,1
Benthopecten claviger,0,0,0,0,0,0,0,0,0,0,0,0,0,0,0,0,0,0,0,0,0,0,0,0,0,0,0,0,0,0,0,4
Benthopectinidae,0,0,0,0,0,0,0,0,0,0,0,0,0,0,0,0,0,0,0,0,0,0,0,0,0,0,0,0,0,0,3,0
Ceramaster,0,0,0,0,0,0,0,0,0,0,0,0,0,0,0,0,0,0,0,0,0,0,0,0,0,0,1,0,1,0,1,1
Crossaster,0,0,0,0,0,0,0,0,0,0,0,0,4,0,0,0,0,0,0,0,1,0,0,0,0,2,0,0,0,1,2,2
Crossaster borealis,0,0,0,0,0,0,0,0,0,0,0,0,1,1,0,2,0,13,32,15,6,11,8,5,1,15,8,6,3,23,5,66
Dipsacaster,0,0,0,0,0,0,0,0,0,0,0,0,0,0,0,0,0,0,0,0,0,0,0,0,0,0,1,0,3,0,0,0
Dipsacaster eximius,0,0,0,0,0,0,0,0,0,0,0,0,0,0,0,0,0,0,0,0,0,0,0,0,0,0,0,2,1,0,0,0
Dytaster gilberti,0,0,0,0,0,0,0,0,0,0,0,0,0,0,0,0,0,0,0,2,0,0,0,0,0,0,0,0,0,0,0,0
Forcipulatacea,0,0,0,0,0,0,0,0,0,0,0,0,0,0,0,0,0,0,0,0,0,0,0,0,0,0,0,2,0,0,0,0
Forcipulatida,0,0,0,0,0,0,0,0,0,0,0,0,0,0,0,0,0,0,0,0,0,0,0,1,0,0,0,0,1,0,0,0
Goniasteridae,0,0,0,0,0,0,0,0,0,0,0,0,0,0,0,0,0,0,0,0,0,1,0,0,0,0,4,0,5,1,0,1
Henricia,0,0,0,0,0,0,0,0,0,0,0,0,0,0,1,1,0,0,0,0,0,0,0,0,0,0,2,0,4,1,0,0
Heterozonias alternatus,0,0,0,0,0,0,0,0,0,0,0,0,0,0,0,0,0,0,0,0,0,0,0,0,0,0,2,0,0,4,0,0
Hippasteria,0,0,0,0,2,0,0,0,0,0,0,0,0,0,3,19,1,1,3,1,3,5,5,3,1,1,28,1,20,9,4,1
Hippasteria californica,0,0,0,0,0,0,0,0,0,0,0,0,0,0,0,0,0,0,0,1,0,0,1,0,0,1,3,1,4,0,0,1
Hippasteria lepidonotus,0,0,0,0,0,0,0,0,0,0,0,0,0,0,0,0,1,0,0,0,0,0,0,0,0,0,1,0,4,2,0,0
Hymenaster,0,0,0,0,0,0,0,0,0,0,0,0,6,1,8,1,11,20,13,7,0,16,4,0,13,8,13,2,17,15,6,0
Hymenaster koehleri,0,0,0,0,0,0,0,0,0,0,0,0,0,0,0,0,1,1,5,1,0,0,0,0,0,0,1,0,0,0,0,0
Lophaster,0,0,0,0,0,0,0,0,0,0,0,0,2,0,0,0,0,0,0,0,0,32,90,14,0,0,0,0,0,0,0,0
Lophaster furcilliger,0,0,0,0,0,0,0,0,0,0,0,0,0,0,0,0,0,0,1,18,1,0,0,0,0,0,0,0,0,0,0,0
Luidia foliolata,0,0,0,0,0,0,0,0,0,0,0,0,1,0,1,4,1,5,2,6,14,2,5,0,0,3,13,8,15,8,0,2
Mediaster,0,0,0,0,0,0,0,0,0,0,0,0,0,3,1,1,0,0,0,3,0,12,1,21,4,23,15,1,0,6,0,0
Mediaster aequalis,0,0,0,0,0,0,0,0,0,0,0,0,1,1,0,1,4,8,0,3,4,6,4,1,6,24,93,5,0,41,0,0
Mediaster tenellus,0,0,0,0,0,0,0,0,0,0,0,0,0,0,1,0,0,0,0,0,0,0,0,0,0,0,0,0,0,0,0,0
Myxoderma,0,0,0,0,0,0,0,0,0,0,0,0,0,0,0,0,0,0,0,0,0,3,0,1,0,0,0,5,3,0,0,23
Myxoderma platyacanthum,0,0,0,0,0,0,0,0,0,0,0,0,0,0,0,0,0,1,2,6,0,1,1,0,8,5,5,28,3,13,1,3
Myxoderma sacculatum,0,0,0,0,0,0,0,0,0,0,0,0,0,0,0,0,0,0,0,0,0,0,0,0,0,0,0,0,0,0,0,18
Patiria miniata,0,0,0,0,0,0,0,0,0,0,0,0,0,0,0,0,0,0,0,6,0,0,0,0,0,0,0,0,0,0,0,0
Paulasterias mcclaini,0,0,0,0,0,0,0,0,0,0,0,0,0,0,0,0,0,0,0,0,0,1,0,0,0,0,0,0,0,0,0,0
Paxillosida,0,0,0,0,0,0,0,0,0,0,0,0,0,0,0,0,0,0,0,0,0,0,0,0,0,0,0,1,0,0,0,0
Peribolaster biserialis,0,0,0,0,0,0,0,0,0,0,0,0,0,0,0,0,0,0,0,0,0,0,0,0,0,0,0,0,0,0,0,4
Poraniopsis,0,0,0,0,0,0,0,0,0,0,0,0,0,0,0,0,0,0,0,0,0,0,0,2,0,0,1,0,1,4,5,2
Poraniopsis inflata,0,0,0,0,0,0,0,0,0,0,0,0,0,0,0,0,0,0,0,0,0,0,0,0,0,0,1,1,1,9,1,10
Pteraster,0,0,0,3,0,0,0,0,0,0,0,0,9,5,19,8,14,30,27,7,1,10,6,8,8,10,16,8,13,6,4,4
Pterasteridae,0,0,0,0,0,0,0,0,0,0,0,1,0,0,0,1,5,2,0,1,0,3,13,10,12,12,21,19,20,22,11,39
Pycnopodia helianthoides,0,0,0,0,0,0,0,0,0,0,0,0,0,0,0,0,0,0,0,2,0,0,2,0,0,0,0,0,0,0,0,0
Pythonaster,0,0,0,0,0,0,0,0,0,0,0,0,0,0,0,0,0,0,0,0,0,0,1,0,11,0,0,3,0,0,0,1
Pythonaster pacificus,0,0,0,0,0,0,0,0,0,0,0,0,0,0,0,0,0,0,2,3,0,1,0,0,0,0,0,0,4,4,0,0
Rathbunaster,0,0,0,0,0,0,0,0,0,0,0,1,0,0,0,0,0,1,0,0,0,4,0,2,0,0,4,2,1,12,0,1
Rathbunaster californicus,0,2,0,9,18,0,1,0,0,1,0,24,16,40,49,161,94,82,15,73,136,94,169,41,23,16,472,67,103,241,15,63
Solaster,0,0,0,0,0,0,0,0,0,0,0,0,0,1,0,0,0,0,8,1,1,1,0,0,1,2,11,4,4,4,3,4
Solaster hypothrissus,0,0,0,0,0,0,0,0,0,0,0,0,0,0,0,0,0,16,1,0,0,0,0,0,0,1,1,1,0,9,5,7
Solasteridae,0,0,0,0,0,0,0,0,0,0,0,0,8,2,1,1,2,3,26,12,2,3,6,9,4,11,26,2,15,2,2,3
Stylasterias,0,0,0,0,0,0,0,0,0,0,0,0,0,0,0,0,0,0,0,0,0,0,0,0,0,0,1,1,0,0,0,0
Stylasterias forreri,0,0,0,0,0,0,0,0,0,0,0,0,4,0,0,20,5,5,1,5,10,5,3,9,3,22,41,8,9,15,0,1
Thrissacanthias penicillatus,0,0,0,0,0,0,0,0,0,0,0,0,0,0,0,0,0,1,0,0,0,0,0,0,0,0,0,0,1,0,0,2
Valvatida,0,0,0,0,0,0,0,0,0,0,0,0,0,0,0,0,0,0,0,0,0,0,0,0,0,0,0,0,0,0,0,0
Zoroaster spinulosus,0,0,0,0,0,0,0,0,0,0,0,0,0,0,0,0,0,0,0,0,0,1,0,0,0,0,0,0,0,0,0,0
Zoroasteridae,0,0,0,0,0,0,0,0,0,0,0,0,0,0,0,0,0,0,0,0,0,0,0,1,2,0,1,0,0,0,0,0
Antedonidae,0,0,0,0,0,0,0,0,0,0,0,0,5,0,0,0,0,0,0,0,0,2,0,0,0,8,5,0,3,0,0,0
Antedonoidea,0,0,0,0,0,0,0,0,0,0,0,0,0,0,0,1,0,0,18,0,0,0,0,2,0,2,23,0,0,4,0,0
Antedonoidea sp. 1,0,0,0,0,0,0,0,0,0,0,0,0,0,0,0,0,0,0,0,0,0,0,0,0,0,0,0,0,3,12,0,0
Articulata,0,0,0,0,0,0,0,0,0,0,0,0,0,0,0,0,0,1,2,0,0,0,0,0,0,0,0,2,0,0,0,0
Bathycrinidae,0,0,0,0,0,0,0,0,0,0,0,0,0,0,0,0,0,4,0,0,0,0,0,0,0,0,1,0,0,0,0,0
Bathycrinus complanatus,0,0,0,0,0,0,0,0,0,0,0,0,0,0,0,0,0,0,0,0,0,0,0,0,0,1,2,1,1,0,0,0
Bathymetrinae,0,0,0,0,0,0,0,0,0,0,0,0,0,0,0,0,0,0,0,0,0,0,1,10,0,0,0,0,0,0,0,0
Comatulida,0,0,0,0,0,0,0,0,0,0,0,0,4,0,1,0,0,6,5,0,1,15,1,2,0,8,10,1,13,9,0,0
Crinoidea,0,0,0,0,0,0,0,0,0,0,0,0,16,2,22,4,1,5,18,0,1,4,4,7,3,11,47,4,9,4,1,2
Fariometra,0,0,0,0,0,0,0,0,0,0,0,0,0,0,0,0,0,0,0,0,0,0,0,1,0,0,0,0,0,0,0,0
Fariometra parvula,0,0,0,0,0,0,0,0,0,0,0,0,0,0,0,0,0,0,0,1,0,0,0,3,1,13,4,0,0,0,0,0
Florometra serratissima,0,0,0,19,0,0,0,0,0,0,0,0,15,15,32,51,19,66,5,25,18,2,43,4,12,18,98,21,3,12,12,0
Hyocrinida,0,0,0,0,0,0,0,0,0,0,0,0,0,0,0,0,0,1,2,0,0,0,0,0,0,0,1,0,0,0,0,0
Hyocrinidae,0,0,0,0,0,0,0,0,0,0,0,0,0,0,1,0,0,0,0,0,0,0,0,0,0,0,1,0,0,0,0,0
Pentametrocrinus paucispinulus,0,0,0,0,0,0,0,0,0,0,0,0,1,0,0,0,0,0,0,0,0,0,0,0,0,0,0,0,0,0,0,0
Psathyrometra,0,0,0,0,0,0,0,0,0,0,0,0,0,0,0,0,0,0,0,0,0,0,1,2,0,0,0,0,0,0,0,0
Psathyrometra fragilis,0,0,0,0,0,0,0,0,0,0,0,0,2,1,0,1,5,35,26,11,22,53,2,16,6,4,19,39,21,30,0,6
Tonrometra,0,0,0,0,0,0,0,0,0,0,0,0,2,0,0,0,0,0,0,0,0,1,0,0,0,0,0,0,1,0,0,0
Abyssocucumis abyssorum,0,0,0,0,0,0,0,0,0,0,0,0,4,11,11,13,33,28,31,73,0,19,1,38,46,30,33,28,34,16,17,0
Apostichopus,0,0,0,1,0,0,0,0,0,0,0,0,0,0,0,5,3,0,0,0,4,1,6,1,0,2,0,0,0,1,0,2
Apostichopus californicus,0,0,0,0,0,0,0,0,0,0,0,0,0,0,0,1,0,0,0,0,0,0,1,0,0,0,0,0,0,0,0,0
Apostichopus leukothele,0,0,0,1,0,0,0,0,0,0,0,10,1,2,1,38,10,3,1,5,23,2,17,0,3,35,46,7,2,17,0,24
Benthodytes,0,0,0,0,0,0,0,0,0,0,0,0,0,0,0,0,0,0,1,0,0,0,0,0,0,0,0,0,0,0,0,0
Benthodytes sp. 1,0,0,0,0,0,0,0,0,0,0,0,0,0,0,0,0,0,0,0,0,0,0,0,0,2,0,1,0,0,0,0,0
Benthothuria,0,0,0,0,0,0,0,0,0,0,0,0,0,0,0,0,0,4,0,0,0,1,0,0,0,0,1,0,0,0,0,0
Elpidia,0,0,0,0,0,0,0,0,0,0,0,0,0,0,0,0,0,0,0,0,0,0,0,2,327,7,1,0,1,0,0,0
Elpidia sp. A,0,0,0,0,0,0,0,0,0,0,0,0,0,0,0,0,0,0,0,0,0,0,0,38,162,80,2,0,2,0,0,0
Holothuria (Vaneyothuria) zacae,0,0,0,0,0,0,0,0,0,0,0,0,0,0,0,0,0,0,0,0,0,0,0,0,0,0,0,1,0,0,0,0
Holothuroidea,0,0,0,0,0,0,0,0,0,0,0,0,5,3,23,6,4,14,14,4,0,13,4,16,33,49,53,44,13,14,14,12
Holothuroidea sp. 3,0,0,0,0,0,0,0,0,0,0,0,0,0,0,0,0,0,0,0,0,0,0,0,0,0,0,0,13,0,0,0,0
Holothuroidea sp. 4,0,0,0,0,0,0,0,0,0,0,0,0,0,0,0,0,0,0,0,0,0,0,0,2,0,0,0,0,1,0,0,0
Holothuroidea sp. 6,0,0,0,0,0,0,0,0,0,0,0,0,0,0,0,0,0,0,0,0,0,0,0,0,0,0,0,0,0,1,0,0
Laetmogone,0,0,0,0,0,0,0,0,0,0,0,0,0,0,0,0,0,1,0,0,0,0,0,0,0,0,1,0,10,0,0,0
Laetmogone wyvillethomsoni,0,0,0,0,0,0,0,0,0,0,0,0,0,0,1,0,0,0,0,0,0,0,0,0,0,0,0,0,0,0,0,0
Laetmogonidae,0,0,0,0,0,0,0,0,0,0,0,0,0,0,7,0,0,0,0,0,0,0,0,0,0,0,0,0,0,0,0,0
Oneirophanta,0,0,0,0,0,0,0,0,0,0,0,0,0,0,0,0,0,0,3,0,0,0,0,0,0,0,0,1,0,0,0,0
Oneirophanta mutabilis complex,0,0,0,0,0,0,0,0,0,0,0,0,1,0,0,4,0,11,4,18,0,9,0,8,3,7,13,16,26,13,11,0
Paelopatides,0,0,0,0,0,0,0,0,0,0,0,0,0,3,0,1,0,0,0,0,0,0,0,0,6,0,0,0,1,0,0,0
Paelopatides confundens,0,0,0,0,0,0,0,0,0,0,0,0,21,10,13,5,9,95,20,27,0,8,3,18,126,29,21,64,5,12,9,0
Pannychia,0,0,0,0,0,0,0,0,0,0,0,0,5,0,0,4,4,14,4,1,0,16,1,3,12,7,23,12,4,0,1,6
Pannychia moseleyi,0,0,0,2,22,0,0,0,0,1,0,0,90,16,107,84,25,90,49,37,5,44,12,61,54,37,82,53,70,116,56,98
Pannychia sp. 1,0,0,0,0,0,0,0,0,0,0,0,0,0,0,0,0,0,0,0,0,0,0,0,0,0,0,2,0,12,0,0,2
Peniagone,0,0,0,0,0,0,0,0,0,0,0,0,11,15,42,20,5,24,23,1,0,13,3,50,62,40,132,80,0,10,3,0
Peniagone gracilis,0,0,0,0,0,0,0,0,0,0,0,0,0,0,0,0,0,0,0,2,0,0,0,313,94,70,43,0,4,4,0,0
Peniagone papillata,0,0,0,0,0,0,0,0,0,0,0,0,0,0,0,0,2,0,5,14,0,4,2,108,35,23,17,0,1,0,0,0
Peniagone sp. 1,0,0,0,0,0,0,0,0,0,0,0,0,0,0,0,0,0,0,0,0,0,0,0,1,502,26,26,0,0,0,0,0
Peniagone sp. 2,0,0,0,0,0,0,0,0,0,0,0,0,4,0,1,0,0,0,0,1,0,5,0,24,47,14,17,19,32,15,5,0
Peniagone sp. A,0,0,0,0,0,0,0,0,0,0,0,0,0,0,0,0,1,2,15,7,0,3,0,171,265,144,524,59,30,10,1,0
Peniagone vitrea,0,0,0,0,0,0,0,0,0,0,0,0,0,0,0,0,0,0,0,0,0,0,0,18,229,11,12,0,0,0,0,0
Peniagone vitrea- sp. 1 complex,0,0,0,0,0,0,0,0,0,0,0,0,0,0,0,0,0,0,0,0,0,0,0,0,0,2,216,10,7,8,1,0
Pseudostichopus mollis,0,0,0,0,0,0,0,0,0,0,0,0,0,0,0,1,0,0,2,3,0,1,0,1,0,1,1,1,1,1,0,0
Psolidae,0,0,0,0,0,0,0,0,0,0,0,0,0,2,0,0,0,0,0,0,0,0,0,0,0,0,0,10,0,0,0,0
Psolus,0,0,0,0,0,0,0,0,0,0,0,0,0,0,0,0,0,0,0,0,0,0,0,5,0,0,0,0,0,0,2,0
Psolus squamatus,0,0,0,4,11,16,18,0,0,0,0,24,6,18,102,167,32,151,52,38,12,465,33,386,27,33,184,59,181,292,12,32
Psychronaetes,0,0,0,0,0,0,0,0,0,0,0,0,3,0,0,1,0,0,0,0,0,0,0,0,0,0,0,0,0,0,0,0
Psychropotes depressa,0,0,0,0,0,0,0,0,0,0,0,0,0,0,0,0,0,0,0,0,0,0,0,1,1,0,0,1,0,0,0,0
Psychropotes sp. 1,0,0,0,0,0,0,0,0,0,0,0,0,0,0,8,1,0,3,4,11,0,2,0,8,9,9,3,22,7,6,3,0
Psychropotidae,0,0,0,0,0,0,0,0,0,0,0,0,0,0,0,0,0,0,0,0,0,1,0,0,0,0,0,1,0,0,0,0
Scotoplanes,0,0,0,0,0,0,0,0,0,0,0,0,8,0,14,0,1,0,1,0,0,0,0,4,0,2,26,6,12,2,10,3
Scotoplanes clarki,0,0,0,0,0,0,0,0,0,0,0,0,0,0,0,8,0,0,0,0,0,0,0,0,0,2,2,0,0,0,0,0
Scotoplanes globosa,0,0,0,0,0,0,0,0,0,0,0,0,40,0,141,0,15,9,13,3,0,1,2,119,237,234,275,36,130,38,2,0
Scotoplanes sp. A,0,0,0,0,0,0,0,0,0,0,0,0,4,0,0,8,0,6,1,0,0,2,0,152,0,149,113,5,0,0,25,6
Synallactes,0,0,0,0,0,0,0,0,0,0,0,0,0,0,0,0,4,50,3,0,0,0,13,0,1,0,0,2,1,0,0,0
Synallactidae,0,0,0,0,0,0,0,0,0,0,0,0,1,0,2,0,19,29,18,13,0,6,4,13,11,2,9,0,11,0,4,1
Synallactidae gen. et sp. indet.,0,0,0,0,0,0,0,0,0,0,0,0,1,3,2,0,3,3,9,9,0,7,0,19,14,12,36,8,20,9,4,0
Aporocidaris milleri,0,0,0,0,0,0,0,0,0,0,0,0,0,0,0,5,1,1,4,0,0,0,0,1,4,0,0,0,0,0,0,0
Brisaster,0,0,0,0,0,0,0,0,0,0,0,0,0,0,0,0,0,1,0,0,0,0,18,0,0,0,0,0,0,0,0,0
Cystechinus giganteus,0,0,0,0,0,0,0,0,0,0,0,0,0,0,0,0,0,0,0,0,0,3,0,0,0,7,11,0,0,0,0,0
Cystechinus loveni,0,0,0,0,0,0,0,0,0,0,0,0,0,3,2,2,0,3,4,11,0,8,0,3,13,0,2,6,23,5,5,0
Cystocrepis setigera,0,0,0,0,0,0,0,0,0,0,0,0,2,0,12,0,9,8,3,1,0,1,0,1,15,4,25,15,2,10,4,0
Echinidea,0,0,0,0,0,0,0,0,0,0,0,0,1,0,0,0,0,0,0,0,0,0,0,0,0,0,0,0,0,0,0,0
Echinocrepis rostrata,0,0,0,0,0,0,0,0,0,0,0,0,2,0,0,0,5,1,6,29,0,8,0,4,11,2,13,17,17,5,3,0
Echinoidea,0,0,0,0,0,0,0,0,0,0,0,0,0,0,0,1,1,2,0,0,0,1,4,0,1,0,3,1,0,0,2,0
Echinothuriidae,0,0,0,0,0,0,0,0,0,0,0,0,1,0,0,0,0,0,0,0,0,0,0,0,0,0,0,0,0,0,0,0
Strongylocentrotus,0,0,0,0,0,0,0,0,0,0,0,0,10,1,0,0,0,0,0,0,0,0,0,0,6,0,0,0,2,19,0,0
Strongylocentrotus fragilis,0,0,0,25,31,0,0,0,0,0,0,21,79,6,315,597,121,355,81,293,191,1628,822,5715,61,1819,606,61,235,690,131,225
Tromikosoma,0,0,0,0,0,0,0,0,0,0,0,0,1,0,0,1,0,0,0,0,0,0,0,0,0,0,0,0,0,0,0,0
Tromikosoma panamense,0,0,0,0,0,0,0,0,0,0,0,0,1,0,3,0,1,2,1,3,0,0,1,4,0,0,0,1,0,0,0,0
Acanthascinae,0,0,0,0,0,0,0,0,0,0,0,0,0,0,0,0,0,0,1,2,0,1,0,1,0,5,6,1,34,24,0,0
Acanthascinae sp. 1-4 complex,0,0,0,0,0,0,0,0,0,0,0,0,0,0,0,1,2,0,0,0,0,0,0,0,0,0,0,1,1,6,3,0
Acanthascinae sp. 2,0,0,0,0,0,0,0,0,0,0,0,0,0,0,0,0,0,0,0,0,0,0,0,0,0,0,0,0,3,3,0,1
Acanthascinae sp. 4,0,0,0,0,0,0,0,0,0,0,0,0,0,0,0,0,0,0,0,0,0,0,0,0,0,0,0,0,2,0,0,0
Bathydorus,0,0,0,0,0,0,0,0,0,0,0,0,0,0,0,0,0,0,0,0,0,0,0,0,0,0,2,1,0,0,0,0
Bathydorus laevis pseudospinosus,0,0,0,0,0,0,0,0,0,0,0,0,0,0,0,0,0,4,2,19,0,12,0,12,5,4,8,4,11,28,6,0
Bathydorus laniger,0,0,0,0,0,0,0,0,0,0,0,0,0,0,0,0,0,0,1,6,0,1,0,1,0,0,1,2,1,2,0,0
Bathydorus sp. 1,0,0,0,0,0,0,0,0,0,0,0,0,0,0,0,0,0,0,0,1,0,0,0,0,0,0,0,0,1,1,0,0
Bolosominae,0,0,0,0,0,0,0,0,0,0,0,0,0,0,0,0,0,0,0,0,0,0,0,0,0,0,0,0,0,0,0,0
Caulophacus,0,0,0,0,0,0,0,0,0,0,0,0,0,0,0,0,0,0,0,0,0,0,0,1,0,0,0,2,0,0,0,0
Chonelasma,0,0,0,0,0,0,0,0,0,0,0,0,0,0,4,1,0,0,0,0,0,0,0,0,0,0,3,0,1,1,0,0
Chonelasmatinae sp. 1,0,0,0,0,0,0,0,0,0,0,0,0,0,0,0,0,0,0,0,0,0,0,0,0,0,0,0,0,1,0,0,0
Corbitellinae,0,0,0,0,0,0,0,0,0,0,0,0,0,0,0,0,0,0,0,0,0,0,0,0,0,0,0,0,0,0,0,0
Dictyocalyx,0,0,0,0,0,0,0,0,0,0,0,0,0,0,0,0,0,0,0,0,0,0,1,0,0,0,0,0,0,0,0,0
Docosaccus maculatus,0,0,0,0,0,0,0,0,0,0,0,0,0,0,0,0,0,0,0,2,0,1,0,0,4,1,4,0,1,2,0,0
Euplectellidae,0,0,0,0,0,0,0,0,0,0,0,0,0,0,0,0,0,0,1,2,0,8,0,3,4,2,1,0,1,0,0,0
Farrea,0,0,0,0,0,0,0,0,0,0,0,0,0,0,0,1,2,0,2,1,0,13,0,0,7,68,210,13,24,9,317,10
Farrea occa,0,0,0,0,0,0,0,0,0,0,0,0,0,0,25,1,0,1,0,1,0,0,0,0,0,0,0,0,7,2,3,4
Farrea truncata complex,0,0,0,0,0,0,0,0,0,0,0,0,0,0,0,0,0,0,0,0,0,0,0,0,0,0,0,0,0,1,0,0
Farreidae,0,0,0,0,0,0,0,0,0,0,0,0,0,0,0,0,0,0,0,0,0,0,0,0,0,0,0,0,0,0,0,0
Heterochone,0,0,0,0,0,0,0,0,0,0,0,0,0,0,0,0,0,0,0,0,0,0,0,0,0,0,1,0,0,0,0,0
Heterochone calyx,0,0,0,0,1,0,0,0,0,0,0,0,3,1,0,0,1,2,0,1,0,3,0,0,0,12,18,0,104,38,10,19
Hexactinella,0,0,0,0,1,0,0,0,0,0,0,0,0,0,0,0,0,0,0,2,0,0,0,3,0,0,0,1,0,1,0,5
Hexactinellida,0,0,0,3,1,0,0,0,0,0,0,0,7,0,13,3,19,8,30,15,0,12,8,10,18,5,59,71,67,93,45,33
Hexactinellida sp. 1,0,0,0,0,0,0,0,0,0,0,0,0,0,0,0,0,0,0,0,1,0,0,0,0,1,0,0,0,3,0,0,0
Hexactinellida sp. 2,0,0,0,0,0,0,0,0,0,0,0,0,0,0,0,0,0,0,0,1,0,0,0,0,0,0,0,0,1,1,0,0
Hexactinellida sp. 3,0,0,0,0,0,0,0,0,0,0,0,0,0,0,0,0,0,1,0,0,0,0,0,1,0,4,0,1,0,0,0,0
Hexactinellida sp. 4,0,0,0,0,0,0,0,0,0,0,0,0,0,0,0,0,0,0,0,0,0,0,0,0,0,0,0,0,2,0,0,0
Hexactinellida sp. 5,0,0,0,0,0,0,0,0,0,0,0,0,0,0,0,0,0,0,0,0,0,0,0,0,0,0,0,0,0,1,0,0
Hexactinellida sp. 6,0,0,0,0,0,0,0,0,0,0,0,0,0,0,0,0,0,0,0,0,0,0,0,0,0,0,0,0,5,3,0,0
Hyalonema,0,0,0,0,0,0,0,0,0,0,0,0,0,0,0,0,0,1,0,2,0,0,0,1,2,0,5,14,0,3,8,0
Hyalonema (Corynonema) populiferum,0,0,0,0,0,0,0,0,0,0,0,0,0,0,0,0,0,0,0,0,0,0,26,0,0,9,5,0,0,0,21,0
Hyalonema (Oonema) bianchoratum,0,0,0,0,0,0,0,0,0,0,0,0,0,0,0,0,0,7,13,64,0,14,0,18,20,5,12,9,11,10,9,0
Hyalonema sp. 1,0,0,0,0,0,0,0,0,0,0,0,0,0,0,0,0,0,0,0,0,0,0,0,0,0,0,0,2,0,0,0,0
Hyalonematidae,0,0,0,0,0,0,0,0,0,0,0,0,0,0,0,0,0,0,0,0,0,0,0,0,0,1,0,0,1,0,10,0
Lyssacinosida sp. 1,0,0,0,0,0,0,0,0,0,0,0,0,0,0,0,0,0,0,0,1,0,0,0,0,0,0,0,0,0,4,0,0
Regadrella,0,0,0,0,0,0,0,0,0,0,0,0,0,0,0,0,0,0,1,0,0,0,0,0,0,0,0,0,1,0,0,0
Rossellidae,0,0,0,0,0,0,0,0,0,0,0,0,0,0,0,0,0,6,3,5,0,0,0,0,0,0,0,0,3,2,2,0
Sclerothamnopsis,0,0,0,0,0,0,0,0,0,0,0,0,0,0,0,0,0,0,0,0,0,0,0,0,0,0,0,0,0,2,0,0
Staurocalyptus,0,0,0,0,0,0,0,0,0,0,0,0,0,0,13,0,1,0,5,0,0,3,0,0,0,5,13,191,72,31,1,8
Staurocalyptus solidus,0,0,0,0,0,0,0,0,0,0,0,0,0,0,0,0,0,0,0,0,0,0,0,0,0,0,0,0,22,3,0,10
yellow ruffled sponge,0,0,0,0,0,0,0,0,0,0,0,0,0,0,1,0,0,0,0,0,0,0,0,0,0,0,0,0,0,0,0,0
Calyptrophora,0,0,0,0,0,0,0,0,0,0,0,0,0,0,0,0,2,0,0,0,0,0,0,0,0,0,0,1,0,0,0,0
Chrysogorgia,0,0,0,0,0,0,0,0,0,0,0,0,1,0,0,0,0,0,0,1,0,2,0,0,12,2,0,12,0,1,1,2
Chrysogorgia monticola,0,0,0,0,0,0,0,0,0,0,0,0,1,0,3,0,10,0,10,0,0,0,0,0,0,0,0,0,0,0,0,0
Chrysogorgia pinnata,0,0,0,0,0,0,0,0,0,0,0,0,0,0,0,0,1,1,12,1,0,0,0,0,0,0,0,2,0,0,0,0
Chrysogorgiidae,0,0,0,0,0,0,0,0,0,0,0,0,0,0,0,0,0,0,0,0,0,0,0,0,0,0,0,0,0,0,0,0
Iridogorgia,0,0,0,0,0,0,0,0,0,0,0,0,0,0,0,0,0,0,0,0,0,0,0,0,0,0,0,0,0,0,0,0
Isidella,0,0,0,0,0,2,0,0,0,0,0,0,0,0,0,1,2,2,0,1,0,0,0,2,0,3,27,4,23,42,13,3
Isidella tentaculum,0,0,0,0,0,0,0,0,0,0,0,0,1,0,0,0,0,2,0,0,0,0,0,0,0,0,14,0,22,17,5,2
Isididae,0,0,0,0,0,0,0,0,0,0,0,0,4,0,3,3,9,2,11,9,0,0,0,0,0,0,100,11,113,434,7,3
Keratoisis,0,0,0,0,0,0,0,0,0,0,0,0,0,0,61,4,49,27,22,63,3,3,0,0,0,8,408,68,605,514,20,12
Lepidisis,0,0,0,0,0,0,0,0,0,0,0,0,0,0,0,0,0,3,0,0,0,0,0,0,0,0,2,0,11,1,2,1
Parastenella,0,0,0,0,0,0,0,0,0,0,0,0,0,0,0,3,0,0,0,0,1,0,0,0,0,0,27,1,24,30,0,8
Primnoidae,0,0,0,0,0,0,0,0,0,0,0,0,0,0,0,0,0,0,2,0,0,1,0,0,0,1,2,1,0,0,0,1
Acanthogorgia,0,0,0,0,0,0,0,0,0,0,0,0,0,0,1,0,0,0,0,0,0,0,0,0,1,0,6,3,0,3,0,0
Gorgoniidae,0,0,0,0,0,0,0,0,0,0,0,0,0,0,0,0,0,0,0,0,0,1,0,0,0,0,0,0,0,0,0,0
Leptogorgia,0,0,0,0,0,1,0,0,0,0,0,0,0,0,0,0,0,2,0,0,0,0,0,0,0,0,0,0,6,6,0,0
Plexauridae,0,0,0,0,3,0,0,0,0,0,0,0,0,0,0,0,0,0,0,0,0,0,0,0,0,0,0,0,0,0,0,3
Swiftia,0,0,0,0,3,0,0,0,0,0,1,0,0,5,1,2,10,8,7,0,0,4,4,0,14,0,11,0,32,36,0,12
Swiftia kofoidi,0,0,0,0,0,0,0,0,0,0,0,0,3,8,3,3,1,3,0,8,0,1,7,9,6,1,18,3,27,37,4,7
Swiftia simplex,0,0,0,0,29,0,0,0,0,0,0,0,10,3,0,1,0,11,0,45,1,12,13,1,0,15,2,2,122,102,7,40
Corallium,0,0,0,0,0,0,0,0,0,0,0,0,0,0,0,0,0,0,6,0,0,0,0,0,0,0,0,2,0,0,1,0
Paragorgia,0,0,0,1,0,0,0,0,0,0,0,0,5,3,5,22,19,16,9,10,0,3,8,1,3,8,10,2,53,68,4,13
Paragorgia arborea,0,0,0,0,0,0,0,0,0,0,0,0,4,1,146,6,28,8,151,63,16,33,1,1,1,43,432,11,384,290,2,38
Paragorgiidae,0,0,0,0,0,0,0,0,0,0,0,0,0,0,0,0,0,0,0,0,0,0,1,0,0,0,0,2,11,7,4,10
Sibogagorgia,0,0,0,0,0,0,0,0,0,0,0,0,0,0,0,1,0,0,0,0,0,0,0,0,0,0,15,0,12,2,0,0
Sibogagorgia cauliflora,0,0,0,0,0,0,0,0,0,0,0,0,0,1,0,0,0,0,0,0,0,0,0,0,0,0,0,0,5,26,0,0
Alcyoniidae,0,0,0,0,0,0,0,0,0,0,0,0,0,0,0,0,0,0,0,0,0,0,0,0,0,0,0,0,0,0,0,0
Bathyalcyon robustum,0,0,0,0,0,0,0,0,0,0,0,0,0,0,0,0,0,1,1,1,0,0,0,1,0,0,2,1,0,0,0,0
Gersemia juliepackardae,0,0,0,1,0,0,0,0,0,0,0,0,0,1,0,0,7,7,0,8,1,7,25,4,1,1,9,262,4,29,0,134
Heteropolypus,0,0,0,0,0,0,0,0,0,0,0,0,0,0,0,0,0,0,0,0,0,6,0,0,0,0,0,1,0,0,0,0
Heteropolypus ritteri,0,0,0,1,5,0,0,0,0,0,0,4,15,8,10,80,11,63,32,18,4,40,4,28,19,27,39,43,91,57,25,25
Clavularia,0,0,0,0,0,0,0,0,0,0,0,0,15,0,0,0,11,0,0,0,10,0,0,5,0,19,1,0,0,0,0,0
Stolonifera,0,0,0,0,0,0,0,0,0,0,0,0,0,0,0,0,0,0,0,0,0,0,0,0,0,0,0,0,0,0,0,0
Acanthoptilum,0,0,0,0,0,0,1,0,0,0,0,0,0,1,1,14,0,1,0,32,127,1,34,0,4,9,29,10,1,0,0,0
Anthoptilum grandiflorum,0,0,0,0,0,0,0,0,0,0,0,0,0,0,0,0,0,1,0,1,0,1,8,0,0,1,5,0,0,0,0,4
Anthoptilum lithophilum,0,0,0,0,0,0,0,0,0,0,0,0,0,0,0,9,0,0,0,0,0,0,0,0,0,0,0,0,0,0,0,0
Distichoptilum,0,0,0,0,0,0,0,0,0,0,0,0,0,0,0,0,0,0,0,0,0,0,0,0,0,1,0,0,0,0,0,0
Distichoptilum gracile,0,0,0,0,0,0,0,0,0,0,0,0,0,0,0,0,0,1,0,0,0,0,0,1,0,0,0,0,0,0,0,0
Funiculina,0,0,0,0,1,1,0,0,0,0,0,0,5,3,0,17,3,30,119,85,136,318,339,141,83,58,108,1,106,48,30,29
Funiculina-Halipteris complex,0,0,0,0,0,0,0,0,0,0,0,0,0,0,0,10,0,9,0,2,0,6,12,0,0,16,65,3,0,0,34,0
Halipteris californica,0,0,0,0,0,0,0,0,0,0,0,0,1,0,0,1,0,25,0,1,0,3,0,0,0,0,4,0,0,0,6,1
Kophobelemnidae,0,0,0,0,0,0,0,0,0,0,0,0,0,0,0,0,0,0,0,0,0,0,0,0,1,0,0,0,0,0,11,0
Kophobelemnon,0,0,0,0,0,0,0,0,0,0,0,0,0,0,0,0,0,0,0,0,0,0,0,3,0,0,0,0,0,0,2,0
Kophobelemnon sp. 1,0,0,0,0,0,0,0,0,0,0,0,0,0,0,0,0,0,1,0,0,0,0,0,12,0,0,0,0,0,0,0,0
Pennatula,0,0,0,0,0,0,0,0,0,0,0,0,0,0,8,0,0,0,1,3,0,1,0,12,2,0,1,1,1,0,0,0
Pennatula phosphorea,0,0,0,0,0,0,0,0,0,0,0,0,0,0,0,0,0,10,8,1,0,0,0,16,0,0,4,0,0,0,0,0
Pennatulacea,0,0,0,0,0,0,0,0,0,0,0,0,1,0,31,18,1,17,29,40,11,6,23,101,25,35,52,52,15,5,23,19
Pennatulacea sp. 1,0,0,0,0,0,0,0,0,0,0,0,0,0,0,0,0,0,0,0,0,0,0,0,1,1,0,0,0,0,0,0,0
Pennatulidae,0,0,0,0,0,0,0,0,0,0,0,0,0,0,0,0,0,0,0,0,0,0,0,0,0,1,0,0,0,0,0,0
Protoptilum,0,0,0,0,0,0,0,0,0,0,0,0,0,0,1,0,0,0,0,0,0,0,0,0,0,0,0,0,0,0,0,0
Protoptilum sp. 1,0,0,0,0,0,0,0,0,0,0,0,0,0,0,0,0,0,0,9,0,0,0,0,5,0,7,2,19,3,1,0,0
Ptilosarcus,0,0,0,0,0,0,0,0,0,0,0,0,0,0,0,0,0,0,0,0,0,0,0,0,0,0,0,1,0,0,0,0
Ptilosarcus gurneyi,0,0,0,0,0,0,0,0,0,0,0,0,0,0,0,0,0,0,0,2,0,0,0,2,0,1,1,3,0,0,0,0
Stylatula,0,0,0,0,0,0,0,0,0,0,0,0,0,0,0,0,0,0,0,0,0,0,0,0,0,0,0,0,0,2,0,0
Umbellula,0,0,0,0,0,0,0,0,0,0,0,0,0,0,0,0,0,0,0,0,0,0,0,0,0,0,0,0,1,0,0,1
Umbellula sp. 1,0,0,0,0,0,0,0,0,0,0,0,0,0,0,0,0,0,0,0,5,0,0,0,5,3,3,1,1,4,0,2,0
Umbellula sp. 2,0,0,0,0,0,0,0,0,0,0,0,1,10,3,1,38,4,13,31,28,38,118,126,54,17,30,52,10,94,23,60,17
Umbellulidae,0,0,0,0,0,0,0,0,0,0,0,0,0,0,0,0,0,0,0,0,0,0,0,0,0,0,0,0,0,0,1,0
Virgularia,0,0,0,0,0,0,0,0,0,0,0,0,0,0,0,1,0,0,0,1,0,0,0,0,1,0,6,0,0,0,0,0
Virgulariidae,0,0,0,0,0,0,0,0,0,0,0,0,0,0,0,0,0,0,0,0,0,0,0,1,0,0,2,0,1,0,0,1
Desmophyllum,0,0,0,0,0,0,0,0,0,0,0,0,0,0,0,0,0,0,0,0,0,0,0,0,0,0,0,0,1,0,0,0
Desmophyllum dianthus,0,0,0,0,0,0,0,0,0,0,0,0,0,0,0,0,0,0,0,0,0,0,0,0,0,0,0,0,0,0,0,2
Fungiacyathus,0,0,0,0,0,0,0,0,0,0,0,0,0,0,0,0,0,0,0,0,0,0,0,0,0,0,0,0,1,0,0,0
Fungiacyathus (Bathyactis) marenzelleri,0,0,0,0,0,0,0,0,0,0,0,0,0,0,0,0,0,0,0,2,0,1,0,1,10,0,2,2,13,1,0,0
Scleractinia,0,0,0,0,0,0,0,0,0,0,0,0,0,0,0,0,0,1,0,0,0,2,0,1,1,0,0,21,6,24,0,16
Alternatipathes,0,0,0,0,0,0,0,0,0,0,0,0,0,0,2,0,0,0,0,0,0,1,0,0,1,0,0,1,0,1,0,0
Antipatharia,0,0,0,0,0,0,0,0,0,0,0,0,1,0,0,0,0,0,0,0,0,0,0,0,0,0,0,0,0,0,0,1
Heteropathes,0,0,0,0,0,0,0,0,0,0,0,0,0,0,0,0,0,1,0,0,0,0,0,0,0,0,0,0,0,0,0,0
Lillipathes,0,0,0,0,0,0,0,0,0,0,0,0,0,0,0,0,0,0,0,0,0,0,0,0,0,0,0,0,2,1,4,1
Parantipathes,0,0,0,0,0,0,0,0,0,0,0,0,0,0,0,0,0,0,0,0,0,1,0,0,0,0,0,0,0,0,0,0
Schizopathidae,0,0,0,0,0,0,0,0,0,0,0,0,0,0,0,0,0,1,0,0,0,0,0,0,0,0,0,0,0,0,0,0
Umbellapathes,0,0,0,0,0,0,0,0,0,0,0,0,0,0,0,0,0,0,0,0,0,0,0,0,0,0,0,0,0,0,0,0
Brachyura,0,0,0,0,0,0,0,0,0,0,0,0,1,4,1,0,0,1,0,0,1,0,0,0,0,0,0,0,0,0,0,1
Bythograea thermydron,0,0,0,0,0,0,0,0,0,0,0,0,0,0,0,6,0,0,0,0,0,0,0,0,0,0,0,0,0,0,0,0
Cancridae,0,0,0,0,0,0,0,0,0,0,0,0,0,0,0,0,0,0,0,0,0,0,0,0,0,0,0,1,0,0,0,0
Chionoecetes tanneri,0,0,0,0,2,0,0,0,0,0,0,0,4,26,39,18,55,208,166,106,32,67,64,157,5,263,200,19,316,96,42,58
Chorilia,0,0,0,1,0,0,0,0,0,0,0,0,0,0,0,0,0,0,0,1,0,0,1,0,0,5,6,0,14,4,0,0
Chorilia longipes,0,0,0,0,0,0,0,0,0,0,0,0,7,0,0,7,1,2,0,0,2,2,1,2,1,0,12,2,13,4,6,14
Macroregonia macrochira,0,0,0,0,0,0,0,0,0,0,0,0,0,0,0,0,0,0,0,0,0,1,0,0,0,0,0,0,0,0,0,0
Majidae,0,0,0,0,0,0,0,0,0,0,0,0,3,0,0,0,0,0,0,0,1,0,0,0,0,1,2,0,0,0,0,4
Metacarcinus,0,0,0,0,0,0,0,0,0,0,0,0,0,0,0,0,0,0,0,0,0,0,0,1,0,0,0,0,0,0,0,0
Metacarcinus magister,0,0,0,0,0,0,0,0,0,0,0,0,0,0,0,1,0,0,0,1,0,0,2,0,1,0,2,2,1,1,0,0
Moloha faxoni,0,0,0,0,0,0,0,0,0,0,0,0,0,0,0,0,0,0,0,0,0,0,0,0,0,0,0,18,0,0,0,0
Lithodes couesi,0,0,0,0,0,0,0,0,0,0,0,0,0,0,0,0,0,0,0,0,0,0,0,0,2,0,1,0,0,1,0,1
Lithodidae,0,0,0,0,0,0,0,0,0,0,0,0,6,1,1,0,0,3,1,1,0,2,2,4,0,6,9,4,4,4,7,6
Lithodoidea,0,0,0,0,0,0,0,0,0,0,0,0,0,0,0,1,0,0,0,0,0,0,0,0,0,0,0,0,0,0,0,0
Neolithodes diomedeae,0,0,0,0,0,0,0,0,0,0,0,0,8,0,0,0,0,0,0,0,0,0,0,4,0,4,6,0,0,0,0,2
Paralithodes rathbuni,0,0,0,0,0,0,0,0,0,0,0,0,0,0,0,0,0,0,0,0,0,0,1,0,0,0,0,0,0,0,0,0
Paralomis,0,0,0,0,0,0,0,0,0,0,0,0,21,0,2,3,0,4,3,4,1,5,1,2,4,10,15,6,16,17,5,2
Paralomis cf. papillata,0,0,0,0,0,0,0,0,0,0,0,0,0,0,0,0,0,0,0,0,0,0,0,0,0,0,0,0,0,0,1,0
Paralomis multispina,0,0,0,0,0,0,0,0,0,0,0,0,22,0,1,0,57,2,12,14,1,24,13,6,14,1,23,1,134,9,6,274
Paralomis verrilli,0,0,0,0,0,0,0,0,0,0,0,0,0,0,2,0,0,1,0,0,0,3,0,0,1,1,3,0,0,0,0,0
Acanthephyra,0,0,0,0,0,0,0,0,0,0,0,0,0,3,0,0,0,0,10,0,0,0,0,0,7,0,6,29,0,0,10,0
Caridea,0,0,0,0,0,0,0,0,0,0,0,0,7,0,2,28,6,2,6,0,0,12,5,37,2,25,27,66,3,1,44,19
Caridea sp. 2,0,0,0,0,0,0,0,0,0,0,0,0,0,0,0,0,0,0,0,0,0,0,0,0,0,0,0,2,0,0,0,0
Eualus,0,0,0,0,0,0,0,0,0,0,0,0,0,0,0,0,0,0,1,0,0,0,0,0,0,0,0,0,0,0,0,0
Eualus macrophthalmus,0,0,0,0,0,0,0,0,0,0,0,0,0,0,0,0,0,0,0,0,1,1,1,0,0,2,16,8,0,0,6,5
Glyphocrangon vicaria,0,0,0,0,0,0,0,0,0,0,0,0,0,0,0,0,0,0,0,0,0,0,0,0,1,0,0,9,0,0,0,0
Heterocarpus sp. 1,0,0,0,0,0,0,0,0,0,0,0,0,0,0,0,0,0,0,0,0,0,0,0,0,0,0,0,5,0,0,0,0
Pandalidae,0,0,0,0,0,0,0,0,0,0,0,0,2,0,2,0,0,1,0,0,0,1,1,1,0,10,9,11,0,0,24,6
Pandalopsis ampla,0,0,0,0,0,0,0,0,0,0,0,0,3,1,2,0,0,0,1,3,0,2,3,2,1,113,245,10,42,16,12,14
Pandalus,0,0,0,0,0,0,0,0,0,0,0,0,0,0,0,0,0,0,0,2,0,0,0,0,0,0,4,0,3,4,4,0
Pandalus platyceros,0,0,0,1,0,0,0,0,0,0,0,0,10,0,0,8,11,0,0,0,0,0,12,1,0,182,3,0,0,4,0,0
Pasiphaea,0,0,0,0,0,0,0,0,0,0,0,0,0,0,0,0,0,0,0,0,0,0,0,0,0,7,0,0,0,0,0,0
Plesionika,0,0,0,0,0,0,0,0,0,0,0,0,0,0,0,0,0,0,0,0,0,0,0,0,1,0,7,1,0,0,0,0
Plesionika sp. A,0,0,0,0,0,0,0,0,0,0,0,0,0,0,0,0,0,0,0,0,0,0,0,0,0,0,0,4,0,0,0,0
Cerataspis monstrosus,0,0,0,0,0,0,0,0,0,0,0,0,0,0,0,0,0,0,0,0,0,0,0,0,2,0,1,0,0,0,0,0
Eusergestes similis,0,0,0,0,0,0,0,0,0,0,0,0,0,0,5,2,2,10,52,27,13,21,9,165,135,112,184,13,20,25,2,6
Sergestidae,0,0,0,0,0,0,0,0,0,0,0,0,0,0,1,1,0,0,1,0,0,1,0,1,1,1,2,0,0,1,2,3
Sergestoidea,0,0,0,0,0,0,0,0,0,0,0,0,0,0,0,0,0,0,0,0,0,0,0,0,0,0,0,1,0,1,0,2
Calocarides quinqueseriatus,0,0,0,0,0,0,0,0,0,0,0,0,0,0,0,0,0,0,0,0,0,0,0,0,0,0,0,1,0,0,0,0
Chirostylidae,0,0,0,0,0,0,0,0,0,0,0,0,0,0,0,0,0,0,0,0,0,0,0,0,0,0,0,0,0,0,0,0
Galatheidae,0,0,0,0,1,0,0,0,0,0,0,0,1,0,3,5,18,16,1,2,0,2,1,2,0,5,59,13,57,19,0,0
Galatheoidea,0,0,0,0,0,0,0,0,0,0,0,0,0,0,0,0,3,0,2,0,0,0,0,1,1,0,0,79,1,0,3,4
Munida,0,0,0,0,0,0,0,0,0,0,0,0,0,0,1,0,0,1,0,0,0,2,0,0,0,0,3,4,4,4,2,2
Munida bapensis,0,0,0,0,0,0,0,0,0,0,0,0,0,0,0,0,0,0,0,0,0,0,0,0,0,0,0,3,0,0,0,0
Munida quadrispina,0,0,0,0,0,0,0,0,0,0,0,0,0,0,0,0,0,0,2,2,0,0,0,0,0,0,0,0,1,0,0,1
Munida sp. A,0,0,0,0,0,0,0,0,0,0,0,0,0,0,0,0,0,0,0,0,0,0,0,0,0,0,0,0,1,0,0,0
Munididae,0,0,0,0,0,0,0,0,0,0,0,0,0,0,0,0,0,0,0,0,0,0,0,0,0,0,0,0,0,0,0,0
Munidopsidae,0,0,0,0,0,0,0,0,0,0,0,0,0,0,0,0,0,0,0,0,0,0,0,0,0,0,0,0,0,0,0,0
Munidopsis,0,0,0,0,0,0,0,0,0,0,0,0,22,2,71,137,13,74,31,28,0,71,8,88,13,107,67,95,32,1,2,3
Munidopsis depressa,0,0,0,0,0,0,0,0,0,0,0,0,0,0,0,0,0,0,0,0,0,0,0,0,23,0,0,0,0,0,0,0
Munidopsis kensmithi,0,0,0,0,0,0,0,0,0,0,0,0,0,2,0,0,0,0,2,8,0,3,0,6,2,3,14,4,10,10,6,0
Munidopsis lignaria,0,0,0,0,0,0,0,0,0,0,0,0,0,0,0,0,0,1,0,0,0,0,0,0,0,0,0,0,0,0,0,0
Munidopsis recta,0,0,0,0,0,0,0,0,0,0,0,0,0,0,0,7,0,0,0,0,0,0,0,0,0,0,0,0,0,0,0,0
Munidopsis scotti,0,0,0,0,0,0,0,0,0,0,0,0,0,0,0,0,0,1,0,0,0,0,0,0,0,0,0,0,0,0,0,0
Munidopsis sp. 1,0,0,0,0,0,0,0,0,0,0,0,0,0,0,0,0,0,0,0,0,0,0,0,0,0,0,0,20,0,0,0,0
Pleuroncodes planipes,0,0,0,0,0,0,0,0,0,0,0,0,0,0,0,4,0,0,0,0,0,0,6,1,2,0,0,11,65,8,48,7
Cirripedia,0,0,0,0,0,0,0,0,0,0,0,0,15,0,0,0,0,0,0,0,0,0,0,0,0,0,0,0,0,0,0,0
Scalpellidae,0,0,0,0,0,0,0,0,0,0,0,0,0,0,0,0,0,0,0,0,0,0,0,0,0,0,0,0,0,0,0,0
Verum proximum,0,0,0,0,0,0,0,0,0,0,0,0,0,0,0,0,0,0,0,0,0,0,0,0,0,0,1,0,0,1,0,0
Colossendeidae,0,0,0,0,0,0,0,0,0,0,0,0,0,0,1,1,0,0,1,1,0,0,0,1,1,0,3,0,9,0,0,0
Colossendeis,0,0,0,0,0,0,0,0,0,0,0,0,0,0,5,2,15,21,10,0,0,17,0,12,2,3,7,17,14,1,3,1
Pycnogonida,0,0,0,0,0,0,0,0,0,0,0,0,4,0,2,1,2,0,0,1,0,1,1,0,2,0,4,2,3,0,0,0
Alciopidae,0,0,0,0,0,0,0,0,0,0,0,0,0,0,0,0,0,0,0,0,1,0,0,0,0,0,0,0,0,0,0,0
Anchinothria fissurata,0,0,0,0,0,0,0,0,0,0,0,0,0,0,0,0,0,0,0,0,0,0,0,0,0,0,0,1,0,0,0,0
Annelida,0,0,0,0,0,0,0,0,0,0,0,0,0,0,0,10,0,2,0,0,0,0,0,0,0,0,1,0,0,0,0,0
Biremis,0,0,0,0,0,0,0,0,0,0,0,0,0,0,0,0,0,0,0,0,0,0,0,0,0,0,0,1,0,0,0,0
Canalipalpata,0,0,0,0,0,0,0,0,0,0,0,0,0,0,0,2,0,0,0,0,0,0,0,0,0,0,0,0,0,0,0,0
Chaetopterus pugaporcinus,0,0,0,0,0,0,0,0,0,0,0,0,0,0,0,0,0,0,0,0,0,1,0,0,0,0,0,0,0,0,0,0
Ctenophoricola,0,0,0,0,0,0,0,0,0,0,0,0,7,0,0,0,0,0,0,0,0,0,0,0,0,0,0,0,0,0,0,0
Echiura,0,0,0,0,0,0,0,0,0,0,0,0,0,0,0,0,0,0,0,0,0,3,0,2,2,1,0,7,0,0,1,0
Flabelligeridae,0,0,0,0,0,0,0,0,0,0,0,0,0,0,0,0,0,0,0,1,0,0,0,0,0,0,0,0,0,0,0,0
Harmothoe,0,0,0,0,0,0,0,0,0,0,0,0,0,0,0,0,0,0,0,0,0,0,0,0,0,0,0,1,0,0,0,0
Hirudinea,0,0,0,0,0,0,0,0,0,0,0,0,0,0,0,0,0,0,0,6,0,28,1,12,0,0,0,9,0,17,10,0
Lamellibrachia,0,0,0,0,0,0,0,0,0,0,0,0,0,0,0,11,16,0,0,0,0,0,0,0,0,0,0,3,0,0,1,0
Oasisia,0,0,0,0,0,0,0,0,0,0,0,0,0,0,0,0,0,0,0,0,0,0,0,0,0,0,0,11,0,0,0,0
Osedax,0,0,0,0,0,0,0,0,0,0,0,0,0,0,0,0,0,25,1,0,0,0,0,0,0,0,0,0,0,0,0,0
Osedax frankpressi,0,0,0,0,0,0,0,0,0,0,0,0,0,0,0,0,75,0,1,0,0,0,0,0,0,0,0,0,0,0,0,0
Paradiopatra,0,0,0,0,0,0,0,0,0,0,0,0,0,0,0,0,0,0,0,0,0,0,0,0,0,0,8,0,0,3,0,0
Peinaleopolynoe orphanae,0,0,0,0,0,0,0,0,0,0,0,0,0,0,0,0,0,0,0,0,0,0,0,0,0,0,0,2,0,0,0,0
Phyllochaetopterus gigas,0,0,0,0,0,0,0,0,0,0,0,0,0,0,0,0,1,0,4,0,0,4,0,0,0,0,0,0,0,0,0,0
Poeobius,0,0,0,0,0,0,0,0,0,0,0,0,0,0,0,0,0,0,0,1,0,3,0,0,2,0,4,15,16,9,8,25
Poeobius meseres,0,0,0,0,0,0,0,0,0,0,0,0,3,30,11,29,19,102,50,25,2,194,69,22,44,24,35,56,50,105,22,25
Polychaeta,0,0,0,0,0,0,0,0,0,0,0,0,0,0,0,0,0,0,0,3,0,3,0,4,0,0,2,6,1,1,3,0
Polynoidae,0,0,0,0,0,0,0,0,0,0,0,0,1,0,0,5,1,0,0,0,0,0,1,1,1,0,4,0,1,1,2,0
Ridgeia,0,0,0,0,0,0,0,0,0,0,0,0,0,0,0,0,0,10,0,0,0,0,0,0,0,0,0,0,0,0,0,0
Riftia pachyptila,0,0,0,0,0,0,0,0,0,0,0,0,0,0,0,58,0,0,0,0,0,0,0,0,0,0,0,12,0,0,0,0
Sabellida,0,0,0,0,0,0,0,0,0,0,0,0,3,0,0,3,0,2,3,0,0,4,0,0,1,0,0,0,5,0,0,0
Sabellidae,0,0,0,0,0,0,0,0,0,0,0,0,0,0,0,0,0,0,0,3,0,0,0,23,0,0,3,0,1,0,2,1
Serpulidae,0,0,0,0,0,0,0,0,0,0,0,0,4,0,5,56,3,30,5,0,0,0,0,24,0,14,103,29,6,0,20,20
Siboglinidae,0,0,0,0,0,0,0,0,0,0,0,0,16,0,0,2,0,0,0,0,0,7,0,0,0,2,0,0,0,0,0,3
Terebellidae,0,0,0,0,0,0,0,0,0,0,0,0,0,0,0,0,0,0,0,0,0,0,0,0,0,0,0,5,0,0,0,0
Tomopterid eggcase,0,0,0,0,0,0,0,0,0,0,0,0,0,0,0,0,0,0,0,0,0,0,0,0,2,1,0,0,0,0,0,4
Tomopteridae,0,0,0,0,0,0,0,0,0,0,0,0,0,0,0,0,0,0,1,0,0,0,0,1,0,0,0,0,8,0,0,5
Tomopteris,0,0,0,0,0,0,0,0,0,0,0,1,2,19,18,8,25,12,58,5,12,38,69,140,163,131,112,240,194,116,121,134
Tomopteris nisseni,0,0,0,0,0,0,0,0,0,0,0,0,0,13,17,12,5,50,16,16,2,28,5,62,3,4,6,2,4,0,1,3
